video_index,video_title,video_url,product_name,product_category,description,problem_solved,selling_tone,selling_method,desirability_tactics,authority_signals,urgency_or_scarcity,target_audience,price_positioning,dropship_notes
0,What ER Doctors Keep at Home That Most Preppers Never Think To Own,https://www.tiktok.com/@abfitnetfatloss/video/7620532518218911006,35-mL Irrigation Syringe with 18-Gauge Tip,medical/wound care,"A medical-grade syringe with a specific tip size that generates optimal water pressure for wound irrigation, the same tool used in hospital emergency departments.","Inadequate wound cleaning by conventional methods (pouring water or wiping with gauze) that leaves bacteria and debris embedded in wound tissue, leading to infection.","authoritative, fear-based, educational","compare good vs bad methods, expert endorsement, research citation",'The single most important wound care item absent from almost every household'; 'It is the difference between cleaning the surface and actually cleaning the wound'; frames standard civilian methods as dangerously inadequate,"Emergency medicine research citations, standard tool in every emergency department, ER physician personal use",Implied urgency through infection risk if wound not properly cleaned,"Preppers, homeowners, survivalists, families wanting emergency medical readiness","Budget — over-the-counter medical supply, low cost implied",High demand in prepper and first-aid niches; low competition as an overlooked niche product not commonly found in standard first-aid kits. Easy to bundle with other wound care items.
0,What ER Doctors Keep at Home That Most Preppers Never Think To Own,https://www.tiktok.com/@abfitnetfatloss/video/7620532518218911006,Disposable Skin Stapler (3M Precise Model),medical/wound closure,"A single-use skin stapling device used to close lacerations quickly without suturing skill, equivalent to tools used in emergency departments for appropriate wound types.","Inability to close wounds without clinical suturing training or sterile technique, especially in scenarios where medical facilities are unavailable, reducing infection risk from open wounds.","authoritative, fear-based, urgent","expert endorsement, before/after contrast, specific brand recommendation, time-pressure framing",'Closes a wound in seconds without requiring sterile suture technique'; 'A wound left open is a wound that becomes infected'; 'A wound closed within the first six hours heals at a fraction of the risk'; specific brand name (3M Precise) cited for credibility,"ER physician personal use, emergency department standard tool, published emergency medicine comparisons cited",Strong time urgency — 'wound closed within the first six hours' window framing creates immediate action pressure,"Preppers, survivalists, off-grid households, families in rural or disaster-prone areas","Not mentioned, but implied affordable consumer product vs. cost of ER visit","Strong dropship potential — specific brand name makes sourcing straightforward, and the prepper/survival niche has high buying intent. Pair with wound care kits for upsell opportunities."
0,What ER Doctors Keep at Home That Most Preppers Never Think To Own,https://www.tiktok.com/@abfitnetfatloss/video/7620532518218911006,Glucose Gel,health supplement/medical,"A concentrated over-the-counter oral glucose preparation that rapidly raises blood sugar levels, used as first-line treatment for conscious hypoglycemic patients in pre-hospital emergency care.","Hypoglycemic episodes (dangerously low blood sugar) that mimic other emergencies such as stroke or head injury, particularly dangerous in grid-down scenarios where meal timing is disrupted and exertion increases.","fear-based, educational, authoritative","problem-agitation-solution, statistical authority, scenario-based urgency, contrast between having vs. not having the product",'A medical emergency that has a simple and immediate solution when it is available and no solution when it is not'; references 37 million Americans with diabetes to establish massive audience relevance; describes life-threatening symptom confusion to amplify fear,"American Diabetes Association statistics, pre-hospital emergency care protocol, ER physician personal use",Scenario-based urgency — grid-collapse and disrupted meal timing framed as likely trigger for hypoglycemic crisis,"Diabetic households, preppers, caregivers, families with elderly members, survivalists",Budget — explicitly noted as 'available over the counter',Broad target audience due to 37 million diabetics in the US alone; over-the-counter availability lowers sourcing barriers. High repeat purchase potential and strong fit for health and prepper niches.
0,What ER Doctors Keep at Home That Most Preppers Never Think To Own,https://www.tiktok.com/@abfitnetfatloss/video/7620532518218911006,Israeli Pressure Bandage (Emergency Bandage),survival gear/medical/wound care,"A military-grade pressure dressing system combining a non-adherent wound pad, integrated pressure bar, and self-locking closure mechanism designed to control bleeding in anatomical locations where tourniquets cannot be applied.","Uncontrolled hemorrhage from wounds on the torso, neck, shoulder, or groin — areas near major blood vessels where tourniquets are ineffective and bleeding is most lethal.","authoritative, fear-based, aspirational","military/expert endorsement, gap-in-existing-solution framing, technical specification detail, global adoption proof","'Anatomical locations where uncontrolled hemorrhage is most lethal because major blood vessels are closest to the surface'; highlights that standard tourniquets cannot solve this problem, positioning the Israeli bandage as the only solution; military origin story adds prestige","Developed for and used by Israel Defense Forces, adopted by multiple military and emergency services globally, ER physician personal use",Implied life-or-death urgency from hemorrhage risk in untreatable wound locations,"Preppers, military enthusiasts, survivalists, first responders, households seeking trauma care readiness","Not mentioned, but military-grade framing implies premium quality at accessible price",Well-known product in the tactical and prepper markets with proven demand; competitive niche but high search volume. Best positioned as part of a trauma kit bundle to differentiate from standalone commodity listings.
1,The 7 Things Preppers Buy That Will Actually Get Them Killed | Prepping 2026 Guide #new #breakingnews #fyp #foryoupage #prepper ,https://www.tiktok.com/@abfitnetfatloss/video/7620161621775617311,Basic Water Filtration Straw,survival gear / water purification,A portable straw-style water filter designed to remove biological contaminants from water by passing it through a membrane filter. Commonly marketed for emergency preparedness and outdoor survival.,Access to safe drinking water during emergencies when tap water is unavailable or contaminated,fear-based / cautionary,expose and debunk — highlighting gap between marketing claims and real-world performance,Implicitly desirable due to widespread market adoption; video uses negative framing: 'false confidence in the scenarios where that confidence is most dangerous' to warn against over-reliance,"NSF/ANSI testing standards, EPA documentation, WHO documentation on waterborne virus risks",none,"preppers, emergency preparedness enthusiasts, outdoor survivalists",budget — implied by bulk availability and widespread inclusion in low-cost kits,Extremely high demand product in the prepper niche with massive competition; opportunity exists for upgraded two-stage filtration systems or virus-rated filters that address the documented gaps highlighted in this video.
1,The 7 Things Preppers Buy That Will Actually Get Them Killed | Prepping 2026 Guide #new #breakingnews #fyp #foryoupage #prepper ,https://www.tiktok.com/@abfitnetfatloss/video/7620161621775617311,Thin Foil Mylar Emergency Blanket,survival gear / thermal protection,"A lightweight, compact silver foil blanket made from mylar that reflects radiant body heat back toward the user. Widely sold in bulk emergency preparedness kits.",Hypothermia prevention and heat retention during outdoor emergencies or disaster scenarios,fear-based / cautionary,expose and debunk — contrasting marketed thermal mechanism against real-world failure conditions,"Framed negatively: 'the blanket was present, the person was still dying' — used to highlight product inadequacy and build demand for superior alternatives","Outdoor survival research, wilderness medicine documentation, multiple documented hypothermia case references",none,"preppers, hikers, emergency kit builders, disaster preparedness consumers","budget — 'sold in bulk', implies low per-unit cost",High volume commodity product with intense competition; pivot opportunity toward premium insulated sleeping bags or vapor barrier systems that solve the wind and wet-condition failures specifically called out in the video.
1,The 7 Things Preppers Buy That Will Actually Get Them Killed | Prepping 2026 Guide #new #breakingnews #fyp #foryoupage #prepper ,https://www.tiktok.com/@abfitnetfatloss/video/7620161621775617311,Iodine Water Purification Tablets,survival gear / water purification,Compact chemical tablets that use iodine to purify water by killing most bacteria and protozoa. A standard item in emergency preparedness and survival kits.,Short-term water purification when clean water infrastructure is unavailable,fear-based / cautionary / educational,"expose and debunk — distinguishing safe short-term use from dangerous long-term use, and highlighting specific pathogen gaps","Acknowledged as 'compact, inexpensive, and effective' for short-term use before pivoting to documented failure modes; creates demand for safer long-term alternatives","FDA documentation, WHO documentation on iodine health risks, EPA documentation on cryptosporidium resistance",none,"preppers, emergency preparedness consumers, people with thyroid conditions or pregnancies flagged as high-risk subgroups",budget — described as 'compact' and 'inexpensive',Widely available commodity product; the video creates strong demand signals for long-term alternative water treatment solutions such as chlorine dioxide tablets or UV purifiers that cover cryptosporidium and extended-use scenarios.
1,The 7 Things Preppers Buy That Will Actually Get Them Killed | Prepping 2026 Guide #new #breakingnews #fyp #foryoupage #prepper ,https://www.tiktok.com/@abfitnetfatloss/video/7620161621775617311,Portable Generator,survival gear / power generation,A fuel-powered portable device used to generate electricity during grid outages or emergencies. Commonly purchased for disaster preparedness and storm recovery.,"Maintaining electrical power during grid failures, storms, and extended outages",fear-based / urgent / cautionary,shock and warn — leading with death toll statistics and CDC data to establish extreme danger from improper indoor use,Positioned as 'the item that has killed hundreds of people' in a teaser hook before item 4 reveal; fear framing drives urgency around safe usage or alternative power solutions; 'carbon monoxide is colorless and odorless — it does not smell like danger',"CDC documentation of approximately 400 CO deaths per year, references to hurricanes, winter storms, and extended power outage events as documented disaster contexts",Implicit urgency — 'continues to do so in every major storm and grid failure event' frames the risk as ongoing and recurring,"preppers, homeowners, disaster preparedness consumers, storm-prone region residents",not mentioned,"Generators are high-ticket items with strong disaster-season demand spikes but are difficult to dropship due to size and weight; however, adjacent products like CO detectors, carbon monoxide alarms, and safe outdoor generator enclosures represent strong dropship opportunities directly triggered by this fear-based messaging."
1,The 7 Things Preppers Buy That Will Actually Get Them Killed | Prepping 2026 Guide #new #breakingnews #fyp #foryoupage #prepper ,https://www.tiktok.com/@abfitnetfatloss/video/7620161621775617311,Insulated Sleeping Bag / Vapor Barrier System,survival gear / thermal protection,"A cold-weather sleeping system that provides insulation through trapped air or synthetic fill, and blocks wind and moisture to retain body heat in wet or windy conditions. Recommended as a superior alternative to foil blankets.",Effective hypothermia prevention in real-world wind and wet exposure conditions where foil blankets fail,authoritative / educational / aspirational,solution positioning — presented as the correct alternative after debunking the foil blanket's failure modes,'The correct cold weather tool' — authoritative framing positions this as the expert-approved solution; implied superiority over widely-owned but inadequate foil blankets,Wilderness medicine documentation and outdoor survival research cited in the adjacent debunking of foil blankets lends indirect credibility to this recommendation,none,"preppers, outdoor survivalists, emergency preparedness consumers upgrading their kit","premium implied — positioned as the better, more serious investment over bulk budget foil blankets",Strong demand signal as a direct upgrade product for a large existing prepper audience already aware of foil blanket limitations; mid-to-high ticket item with good margins and clear differentiated value proposition for dropshipping.
1,The 7 Things Preppers Buy That Will Actually Get Them Killed | Prepping 2026 Guide #new #breakingnews #fyp #foryoupage #prepper ,https://www.tiktok.com/@abfitnetfatloss/video/7620161621775617311,Two-Stage Water Treatment System (Pre-filter Cloth + Chemical Viral Treatment),survival gear / water purification,A combined approach to emergency water purification using physical pre-filtration through cloth to remove particulates followed by chemical treatment to address viral contamination. Recommended as the correct replacement for basic filtration straws.,"Comprehensive water purification in turbid, flood, or sewage-contaminated water including virus removal that filtration straws cannot provide",authoritative / educational,solution positioning — presented as the expert-recommended correct protocol after exposing the filtration straw's limitations,'The correct solution is a two-stage approach' — prescriptive expert framing creates clear purchase intent; positions viewer as needing to upgrade their current insufficient setup,Indirectly supported by EPA and WHO documentation cited in the filtration straw segment regarding viral waterborne risks,none,"preppers, emergency preparedness consumers, anyone currently relying solely on filtration straws",not mentioned,"Strong opportunity to bundle or sell chemical viral water treatment products (e.g., chlorine dioxide drops or tablets) alongside pre-filter solutions; the video creates explicit demand for this category by naming it as the only safe approach."
2,Why Everything You've Been Told About Bug Out Bags Is Wrong #new #breakingnews #fyp #foryoupage ,https://www.tiktok.com/@abfitnetfatloss/video/7619803954423139615,Bug Out Bag (Wilderness-Configured),survival gear,"A pre-packed emergency bag configured for wilderness survival, including gear for living off the land and outdoor self-sufficiency.",Perceived need to survive independently in the wilderness during a disaster scenario,authoritative,myth-busting / debunking format,Framed as a flawed product concept to create demand for a 'correctly built' alternative; uses FEMA data to discredit the wilderness-focused version and imply a better version is needed,"FEMA official emergency response data, documented disaster outcomes",none,"Urban and suburban preppers, emergency preparedness enthusiasts",not mentioned,Bug out bags are a consistently high-demand survival niche product with strong evergreen interest; repositioning as 'urban/suburban optimized' could differentiate from saturated wilderness-focused listings.
2,Why Everything You've Been Told About Bug Out Bags Is Wrong #new #breakingnews #fyp #foryoupage ,https://www.tiktok.com/@abfitnetfatloss/video/7619803954423139615,Bug Out Bag (Urban/Suburban-Configured),survival gear,"A pre-packed emergency bag designed for navigating urban or suburban disaster scenarios, accessing emergency resources, and sheltering in structures.","Surviving real-world disaster scenarios involving urban evacuation, infrastructure failure, and access to emergency support networks",authoritative,expert reframing / compare good vs bad approach,"'Built for the scenario you will actually face' — positions this version as the rational, data-backed alternative to the mythologized wilderness bag","FEMA official guidance, documented disaster response data",none,"Urban and suburban residents, practical preppers, FEMA-aware emergency planners",not mentioned,Strong dropship potential as a curated 'urban survival kit'; marketing angle around FEMA-aligned preparedness is a strong differentiator in a crowded survival gear market.
2,Why Everything You've Been Told About Bug Out Bags Is Wrong #new #breakingnews #fyp #foryoupage ,https://www.tiktok.com/@abfitnetfatloss/video/7619803954423139615,72-Hour Emergency Preparedness Kit,survival gear,"A pre-packaged emergency supply kit designed to sustain one or more people for 72 hours during a disaster, based on the original early FEMA preparedness standard.",Short-term self-sufficiency during the initial 72-hour window before emergency services arrive,authoritative,myth-busting / debunking format using government data,"Discredited to create demand for a larger, longer-duration kit; '72 hours is three times shorter than the standard FEMA now recommends' drives urgency to upgrade","FEMA historical guidance, Hurricane Katrina documented outcomes, Ready.gov current recommendations",Implied urgency — existing 72-hour kits are framed as dangerously inadequate,"Existing preppers with outdated kits, new emergency preparedness buyers",not mentioned,"Debunking the 72-hour standard creates direct demand for 2-week supply kits, a higher-ticket, higher-margin product with strong upsell potential from existing 72-hour kit owners."
2,Why Everything You've Been Told About Bug Out Bags Is Wrong #new #breakingnews #fyp #foryoupage ,https://www.tiktok.com/@abfitnetfatloss/video/7619803954423139615,Two-Week Emergency Supply Kit,survival gear / emergency preparedness,"A comprehensive emergency supply kit providing at least 14 days of essential items including food, water, and supplies, aligned with current FEMA Ready.gov guidance.","Surviving extended infrastructure failures including grid outages, water system disruptions, and supply chain breakdowns lasting beyond 72 hours",authoritative,government standard endorsement / compare inadequate vs adequate preparation,"'FEMA's current guidance on Ready.gov recommends a minimum two-week supply' — positions the product as the official, responsible standard of preparedness","FEMA Ready.gov current official guidance, Hurricane Katrina documented failures","Implied urgency — framed as the minimum acceptable standard, making anything less a dangerous gap","Preppers, households in disaster-prone areas, people upgrading from 72-hour kits",not mentioned,"Two-week emergency kits are a high-value product with FEMA-backed demand signals; bundling food, water, and medical supplies into a single SKU could command premium pricing with strong conversion on fear-based and authoritative content."
2,Why Everything You've Been Told About Bug Out Bags Is Wrong #new #breakingnews #fyp #foryoupage ,https://www.tiktok.com/@abfitnetfatloss/video/7619803954423139615,"Water Filtration Straw (e.g., LifeStraw and similar products)",survival gear / water filtration,"A portable straw-style water filter that removes biological contaminants such as bacteria and protozoa from water sources, marketed for emergency and outdoor use.",Filtering biological contaminants from water sources during emergencies or outdoor activities,educational,compare good vs bad / limitation exposure / myth-busting,"Acknowledged as effective for biological filtration to establish credibility, then discredited for chemical filtration gaps; 'the water looks clear, it filters bacteria, it does not filter the chemicals' — creates dissatisfaction with standalone use","Manufacturer specifications, reference to water treatment plant functions",none,"Preppers, hikers, emergency preparedness buyers who currently rely solely on filtration straws",not mentioned,LifeStraw and similar products are heavily saturated but the criticism opens a strong market angle for combination filtration + chemical treatment products or upgraded multi-stage filter systems.
2,Why Everything You've Been Told About Bug Out Bags Is Wrong #new #breakingnews #fyp #foryoupage ,https://www.tiktok.com/@abfitnetfatloss/video/7619803954423139615,Complete Water Treatment Solution (Biological + Chemical),survival gear / water purification,"A two-stage water purification system combining biological filtration (bacteria/protozoa removal) with chemical treatment to address industrial pollutants, heavy metals, and agricultural runoff.",Comprehensive water safety in grid-collapse or industrial disaster scenarios where both biological and chemical contamination are present,authoritative,"gap/problem-solution framing, expert specification comparison","'A complete water solution requires both biological filtration and chemical treatment, not one or the other' — positions this as the only responsible and complete option; implies current products leave users dangerously exposed","Manufacturer specifications, reference to water treatment plant chemistry, grid-collapse scenario documentation",Implied — the gap in current products is framed as a life-threatening vulnerability,"Serious preppers, urban emergency planners, people in areas near industrial or agricultural zones",not mentioned,High-demand niche with clear product gap messaging already built into viral content; combo water purification kits addressing both biological and chemical threats are underrepresented in the market and have strong differentiation potential.
4,13 Items You Must Grab From Walmart Before Grid Collapse Hits #new #breakingnews #fyp #foryoupage #walmart ,https://www.tiktok.com/@abfitnetfatloss/video/7619066656794348831,Concentrated Unscented Castile Soap (16 oz),personal care / hygiene,"A plant oil-based concentrated liquid soap with no synthetic additives that replaces multiple hygiene products; one ounce dilutes to cover laundry, body washing, and dish cleaning.",Eliminates multiple single-use hygiene product dependencies in an emergency; one bottle covers a family of four for 30-60 days across all washing needs.,authoritative,"compare good vs bad (multi-product redundancy vs single solution), scarcity logic (still on shelves when others are gone)","'Four separate hygiene products, four separate points of failure'; 'Nobody panic buys Castile Soap. It will be there when everything around it is not'; frames consolidation as strategic superiority",none explicitly cited,Implied scarcity of alternatives — other hygiene products gone in 90 minutes; Castile Soap framed as the overlooked survival item still available,"Preppers, emergency preparedness households, families","Budget/value — implied affordable, no price stated but framed as replacing multiple expensive products",Strong niche demand in prepper/survival market; low competition as a survival framing angle for a commodity product. Could be bundled with other preparedness items for differentiated positioning.
4,13 Items You Must Grab From Walmart Before Grid Collapse Hits #new #breakingnews #fyp #foryoupage #walmart ,https://www.tiktok.com/@abfitnetfatloss/video/7619066656794348831,Feminine Hygiene Supplies (bulk/maximum quantity),personal care / feminine hygiene,Standard feminine hygiene/menstrual products purchased in maximum available quantity for long-term emergency stockpiling.,"Addresses a non-negotiable, time-critical hygiene need that most preparedness lists overlook; affects half the population and has no safe improvised alternative.","fear-based, urgent, authoritative","exclusion/omission framing ('the item most preparedness lists omit entirely'), countdown pressure, barter/trade value argument","'Demand is immediate, consistent and non-negotiable'; 'The household without it has a countdown'; 'The household with a surplus has something of genuine value'; frames surplus as social and barter capital",none explicitly cited,Strong — 'among the first items cleared from shelves in any emergency'; 'countdown' framing; 90-day supply as critical preparedness milestone,"All households — explicitly broadened beyond individual need to include extended family, neighbors, barter scenarios",not mentioned,High-demand consumable with repeat purchase potential; framing around bulk survival stocking opens door for subscription or bulk bundle dropship offers. Broad appeal beyond typical prepper demographic.
4,13 Items You Must Grab From Walmart Before Grid Collapse Hits #new #breakingnews #fyp #foryoupage #walmart ,https://www.tiktok.com/@abfitnetfatloss/video/7619066656794348831,Mylar Bags with Oxygen Absorbers (20-pack with 50 absorbers),survival gear / food storage,"Thick heat-sealable metallic pouches paired with oxygen absorbers that reduce oxygen below 1% inside sealed storage, preventing bacteria, mold, and insect survival for decades-long food preservation.",Extends dry food storage life from 2-5 years (plastic containers) to 25-30 years; eliminates food spoilage risk in long-term grid-collapse scenarios.,"educational, authoritative","before/after contrast (2-year vs 25-year storage), science-based explanation, price-to-value ratio",'Transforms a bag of rice from a 2-year food store into a 25-year one'; specific science threshold ('below 1% oxygen'); cost framed as negligible ('under $15'),USDA and Utah State University Extension Research cited for 25-30 year storage claims,Implied — framed as essential infrastructure before grid collapse hits,"Preppers, long-term food storage planners, survivalists",Budget — explicitly 'under $15' for 20 bags and 50 absorbers; extreme value framing,Strong evergreen demand in prepper/survival niche; low price point makes it an easy impulse add-on or bundle item. High perceived value relative to cost is a powerful conversion driver.
4,13 Items You Must Grab From Walmart Before Grid Collapse Hits #new #breakingnews #fyp #foryoupage #walmart ,https://www.tiktok.com/@abfitnetfatloss/video/7619066656794348831,Food-Grade Diatomaceous Earth (4 lb bag),survival gear / food storage / pest control,"Fossilized microscopic organisms ground into a fine powder that kills stored food pests (weevils, beetles, larvae) by physically damaging their exoskeletons; safe for direct food contact at food-grade specification.","Protects dry food stores from insects that can destroy them within weeks in warm conditions, without chemical pesticides that cannot safely contact food.","educational, authoritative","critical distinction framing (food-grade vs pool-grade), science-based mechanism explanation, price-to-coverage value",'Chemical pesticides cannot be used in direct food contact storage. Diatomaceous earth can'; 'one cup mixed into 50 pounds of grain provides full protection'; 'under $10 for a 4-pound bag',National Pesticide Information Center cited for effectiveness claims,Implied — 'insects that destroy dry food stores within weeks in warm conditions',"Preppers, long-term food storage planners, homesteaders",Budget — explicitly 'under $10 for a 4-pound bag',Niche but growing demand in prepper and homesteading communities; the food-grade specification distinction creates an upsell angle over cheaper pool-grade versions. Pairs naturally with mylar bags as a bundle.
4,13 Items You Must Grab From Walmart Before Grid Collapse Hits #new #breakingnews #fyp #foryoupage #walmart ,https://www.tiktok.com/@abfitnetfatloss/video/7619066656794348831,Solar Garden Stake Lights (10-pack),survival gear / lighting,Outdoor decorative solar-powered garden stake lights repurposed as an indefinitely renewable indoor light source during grid collapse; charges on a windowsill in 6-8 hours and provides 4-8 hours of ambient light.,"Provides free, grid-independent, battery-free ambient lighting when flashlights and lanterns are sold out; prevents disorientation and comforts children in complete darkness.","aspirational, educational, clever/hack-framing","product repurposing hack, availability arbitrage (overlooked item still on shelves), cost-per-use value",'Free. Indefinitely. For as long as the sun rises'; 'Nobody associates garden lights with grid-collapse. Fully stocked when every flashlight and lantern is gone'; 'under $20 for a 10-pack',none explicitly cited,Strong implied scarcity contrast — flashlights and lanterns gone while garden lights remain fully stocked,"Preppers, families with children, budget-conscious emergency planners",Budget — 'under $20 for a 10-pack'; framed as near-zero ongoing cost,"Extremely strong dropship candidate — low price point, broad appeal, and the survival-hack reframing differentiates a commodity product. High viral potential due to the counterintuitive 'overlooked item' angle."
4,13 Items You Must Grab From Walmart Before Grid Collapse Hits #new #breakingnews #fyp #foryoupage #walmart ,https://www.tiktok.com/@abfitnetfatloss/video/7619066656794348831,Cheesecloth (multiple yards),survival gear / water purification,Multi-layer woven cloth used as a pre-filtration step before chemical water treatment to remove sediment and particulate matter that would otherwise shield microorganisms from disinfectants; reusable after boiling.,"Completes the water purification sequence by removing physical debris that chemical treatment alone cannot address, making disinfection fully effective.","educational, authoritative","gap/problem framing (chemical treatment is incomplete without pre-filtration), stealth availability angle (sits in baking section, not panic-buyer's list)","'Pre-filtration before chemical treatment: essential, not optional'; 'completes the full purification sequence that chemical treatment alone cannot provide'; 'under $5'; 'not on any panic buyer's list'",none explicitly cited,Implied availability advantage — framed as overlooked item that will still be on shelves during panic buying,"Preppers, survivalists, emergency preparedness households",Budget — explicitly 'under $5',Ultra-low price point limits margin but works well as a bundle add-on with water purification or full preparedness kits. The survival reframing of a kitchen commodity is a repeatable content and product angle.
6,How to Secure Your Home Before War Reaches Your City | WAR Prepping Guide 2026 #new #breakingnews #fyp #foryoupage #home ,https://www.tiktok.com/@abfitnetfatloss/video/7618306004677119263,Heavy Duty Reinforced Strike Plate with 3-Inch Screws,home security hardware,"A heavy-duty metal strike plate secured with 3-inch screws that anchor into the structural stud behind the door frame, replacing standard short-screw residential strike plates.",Standard residential doors fail under forced entry in 1-2 kicks due to short screws; this upgrade increases kick-in resistance to 12+ kicks.,authoritative,"compare good vs bad — contrast standard vs reinforced, with statistical performance data",Framed as 'the single highest return physical security upgrade available for any residential property'; emphasizes ease ('installs in 20 minutes with a screwdriver') and low cost ('under $15 per door'),Door and Access Systems Manufacturers Association testing cited for failure data on standard plates,Implied urgency via war/crisis preparedness framing in video title and context,"Homeowners concerned about home security, preppers, war/crisis preparedness audience",Budget — explicitly stated 'under $15 per door',High demand in prepper and home security niches; low price point drives impulse purchases. Competitive on Amazon but strong angle via survival/prepper content marketing.
6,How to Secure Your Home Before War Reaches Your City | WAR Prepping Guide 2026 #new #breakingnews #fyp #foryoupage #home ,https://www.tiktok.com/@abfitnetfatloss/video/7618306004677119263,Sliding Door Security Bar (Steel or Hardened Aluminum),home security hardware,"A fixed bar cut to fit the interior track of a sliding glass door, physically preventing horizontal movement and lift-off, eliminating the two primary failure points of standard sliding door locks.",Sliding glass doors can be defeated by lifting off their track or forcing the latch horizontally — standard locks do not prevent either vulnerability.,authoritative,problem-solution format with dual failure point breakdown; no-install simplicity emphasized,'No installation. It sits in the track and lifts out when you need to open the door'; 'under $10'; 'eliminates both primary failure points entirely',Technical explanation of sliding door mechanical vulnerabilities lends implicit expertise,Implied urgency via crisis/war preparedness framing,"Homeowners with sliding glass doors, preppers, security-conscious families",Budget — explicitly stated 'under $10',Evergreen home security product with broad appeal beyond preppers; easy to source from suppliers. Low price point limits margin but high volume potential.
6,How to Secure Your Home Before War Reaches Your City | WAR Prepping Guide 2026 #new #breakingnews #fyp #foryoupage #home ,https://www.tiktok.com/@abfitnetfatloss/video/7618306004677119263,Sliding Door Frame Security Pin,home security hardware,"A secondary pin installed through the upper door frame into the fixed panel of a sliding door, preventing the lift-off vulnerability that a bar alone does not address.",Prevents a sliding door from being lifted off its upper track even when a bottom bar is in place.,authoritative,layered security system — presented as a complementary add-on to the sliding door bar for complete protection,'Two measures under $20 combined eliminates both primary failure points entirely' — bundled value framing,Mechanical logic of dual-point failure explanation lends credibility,Implied urgency via crisis framing,"Homeowners with sliding glass doors, preppers",Budget — bundled with bar for 'under $20 combined',Low-cost add-on product; best marketed as a bundle with the sliding door bar. Small niche but highly targeted to security buyers.
6,How to Secure Your Home Before War Reaches Your City | WAR Prepping Guide 2026 #new #breakingnews #fyp #foryoupage #home ,https://www.tiktok.com/@abfitnetfatloss/video/7618306004677119263,Security Window Film (4-Mil Polyester Laminate),home security hardware,"A transparent 4-mil polyester film that bonds to window glass, holding shattered fragments in place after impact so a broken window continues to function as a barrier requiring sustained effort to penetrate.",Standard windows break cleanly in one impact and immediately create an accessible entry point; security film forces multiple sustained impacts to breach.,"educational, authoritative",before/after contrast — filmed vs unfilmed window performance; DIY installation walkthrough,'The difference between a window that breaks and a window that holds is not the glass. It is the four mil of transparent film bonded to its surface'; 'completely transparent in normal conditions'; 'a standard roll covers approximately 50 square feet for under $40',Manufacturer performance data cited confirming multi-impact resistance vs single-impact failure,Implied urgency via war/crisis framing,"Homeowners, preppers, security-conscious families in ground-floor or accessible-window properties",Budget — 'under $40' for a roll covering 50 sq ft,"Strong dropship candidate — DIY appeal, low cost, broad audience beyond preppers including storm and burglary protection niches. Differentiator: bundle with squeegee tool for upsell."
6,How to Secure Your Home Before War Reaches Your City | WAR Prepping Guide 2026 #new #breakingnews #fyp #foryoupage #home ,https://www.tiktok.com/@abfitnetfatloss/video/7618306004677119263,Motion Activated Security Lighting,home security hardware,"Exterior lights that activate upon detecting motion at entry points, eliminating concealment for approaching threats and signaling that a property is monitored.",Continuous or absent lighting allows concealed approach to a property; motion-activated lights deny concealment at the critical moment of approach and deter criminal activity.,"authoritative, educational",academic study citation to validate effectiveness; specific placement instructions to guide purchase decision,'A sudden bright light at the moment of approach eliminates concealment and signals the property is monitored'; '2018 study found statistically significant reduction in outdoor crime with increased lighting'; 'a light that activates on approach is a behaviorally [significant deterrent]',2018 study published in the Journal of Experimental Criminology examining 61 precincts cited as evidence,Implied urgency via crisis/war preparedness framing,"Homeowners, preppers, security-focused families",Not mentioned,High-demand evergreen product in home security; competitive market but strong angle through prepper/crisis content. Solar-powered variants offer additional margin and niche appeal.
6,How to Secure Your Home Before War Reaches Your City | WAR Prepping Guide 2026 #new #breakingnews #fyp #foryoupage #home ,https://www.tiktok.com/@abfitnetfatloss/video/7618306004677119263,Interior Safe Room Communication Device (Charged),emergency preparedness / electronics,"A pre-positioned charged communication device (e.g., phone or two-way radio) kept in a designated safe room to enable contact with emergency services without leaving shelter.","During a localized threat event, household members sheltering in place may need to contact emergency services without exposing themselves by leaving the safe room.","authoritative, educational",checklist/list format as part of a 3-component safe room setup,Framed as essential component of a functional safe room; practical and non-negotiable for the system to work,Referenced within a structured preparedness protocol lending implicit authority,Implied urgency via crisis framing,"Preppers, families with children, homeowners building safe rooms",Not mentioned,Broad product category — could target specific items like backup battery banks or dedicated emergency radios. Emergency communication devices are strong in prepper niche with recurring demand.
6,How to Secure Your Home Before War Reaches Your City | WAR Prepping Guide 2026 #new #breakingnews #fyp #foryoupage #home ,https://www.tiktok.com/@abfitnetfatloss/video/7618306004677119263,Safe Room Emergency Water Supply,emergency preparedness / survival supplies,A pre-positioned two-hour supply of water stored in a designated interior safe room for every household member to sustain them during a localized threat event.,Household members sheltering in a safe room need hydration for the duration of a threat event (typically under two hours) without needing to leave the room.,"authoritative, educational",checklist/list format; minimum viable quantity framing reduces perceived barrier to entry,'The safe room does not need to sustain your household indefinitely. It needs to sustain them for the duration of a localized threat event typically under two hours' — reduces overwhelm and makes compliance feel achievable,'Based on documented civilian shelter in place scenarios' lends data-backed credibility,Implied urgency via crisis framing,"Preppers, families, homeowners building emergency safe rooms",Not mentioned,"Water storage pouches or emergency water bottles are strong dropship items in survival niche. Low cost, easy to bundle with other safe room products for higher AOV."
6,How to Secure Your Home Before War Reaches Your City | WAR Prepping Guide 2026 #new #breakingnews #fyp #foryoupage #home ,https://www.tiktok.com/@abfitnetfatloss/video/7618306004677119263,Safe Room Critical Medications Storage,emergency preparedness / health,Pre-positioned critical medications stored in a designated safe room to ensure household members with medical needs can sustain themselves during a shelter-in-place event without leaving the room.,Household members who require medications cannot safely retrieve them from elsewhere in the home during an active threat event.,"authoritative, educational",checklist/list format — presented as third essential component of safe room preparation,Framed as a non-negotiable safety requirement for households with medical needs; part of a complete system,"Embedded within a structured, data-referenced preparedness protocol",Implied urgency via crisis framing,"Families with members on regular medications, elderly households, preppers",Not mentioned,"Not a direct dropship product but signals demand for medication organizers, pill cases, and first aid kits as complementary products in the prepper niche."
7,13 Items Gone From Pharmacies in the First 6 Hours of Grid Collapse #new #breakingnews #fyp #foryoupage #gone ,https://www.tiktok.com/@abfitnetfatloss/video/7617560836441263374,Manual Aneroid Blood Pressure Cuff,medical monitoring equipment,"A non-digital, manually operated blood pressure cuff that measures blood pressure without requiring electricity. Durable and reliable in off-grid scenarios.","Monitoring blood pressure during power outages when digital monitors fail, especially critical for those on anti-hypertensive medications who cannot abruptly stop treatment.",fear-based,"compare good vs bad product (manual vs digital), urgency framing around grid collapse","'The cuff that requires power fails when it matters most.' Emphasizes that digital monitors become useless in emergencies; positions manual cuff as the only reliable option. 'Costs under $25, requires no power source, and lasts decades.'","Medical statistics cited — 'Hypertension affects nearly half of all adults in the United States, the highest recorded rate in modern medical history.' Clinical warning about dangerous medication cessation.",Implied scarcity — framed within grid-collapse scenario where pharmacies close and monitoring becomes impossible without this tool.,Adults with hypertension or family members managing blood pressure conditions; preppers and emergency preparedness households.,Budget — explicitly stated 'under $25',Strong dropship potential with high demand in prepper and medical home-care niches. Low competition on price point under $25 and evergreen demand from the large hypertension population in the US.
7,13 Items Gone From Pharmacies in the First 6 Hours of Grid Collapse #new #breakingnews #fyp #foryoupage #gone ,https://www.tiktok.com/@abfitnetfatloss/video/7617560836441263374,Pediatric Acetaminophen,over-the-counter medication / pediatric health,"Children's acetaminophen used to reduce fever and relieve pain in pediatric patients, dosed by weight. A staple emergency medication for households with children.",Managing high fevers and pain in children when pharmacies are closed and hospitals are overwhelmed during emergencies.,fear-based,"worst-case scenario storytelling, bulk stocking recommendation, list format",'A child with a high fever in a scenario where a pharmacy is closed and a hospital is overwhelmed is a situation that weight-appropriate acetaminophen at home prevents entirely.' Creates visceral emotional urgency around child safety.,Implied medical knowledge through weight-based dosing guidance and alternating medication protocol.,High scarcity framing — 'Pediatric acetaminophen and ibuprofen clear from pharmacy shelves faster than almost any other category in an emergency.',Parents with young children; emergency preparedness households.,Budget — '90-day supply for every child costs under $15 and takes up less space than a paperback book.',Extremely high demand product but restricted for dropshipping due to pharmaceutical regulations on most platforms. Better suited as a content hook to drive traffic to complementary preparedness products.
7,13 Items Gone From Pharmacies in the First 6 Hours of Grid Collapse #new #breakingnews #fyp #foryoupage #gone ,https://www.tiktok.com/@abfitnetfatloss/video/7617560836441263374,Pediatric Ibuprofen,over-the-counter medication / pediatric health,"Children's ibuprofen used as an anti-inflammatory, fever reducer, and pain reliever, recommended to be alternated with acetaminophen for sustained fever management.",Sustained fever management in children during emergencies when medical care is inaccessible.,fear-based,"paired product recommendation, worst-case scenario storytelling, list format","'Store both acetaminophen and ibuprofen, used alternately for sustained fever management.' Positions dual stocking as medically necessary protocol rather than optional.","Clinical alternating-dose protocol referenced, implying medical expertise.",High scarcity framing — grouped with acetaminophen as fastest-clearing pediatric category in any emergency.,Parents with young children; emergency preparedness households.,Budget — bundled with acetaminophen at 'under $15 for a 90-day supply',Same restrictions as pediatric acetaminophen regarding pharmaceutical sales platforms. High organic search demand; useful as content-driven product in preparedness bundles.
7,13 Items Gone From Pharmacies in the First 6 Hours of Grid Collapse #new #breakingnews #fyp #foryoupage #gone ,https://www.tiktok.com/@abfitnetfatloss/video/7617560836441263374,Pulse Oximeter,medical monitoring equipment,"A fingertip clip device that measures blood oxygen saturation levels in under 10 seconds, providing immediate diagnostic data on respiratory health.","Detecting respiratory emergencies — such as those caused by wildfire smoke, illness progression, or fever complications — when medical facilities are inaccessible.",authoritative / fear-based,"educational demonstration with specific data thresholds, 'most overlooked item' framing","'The item most households are missing, and the one with the most immediate diagnostic value when medical facilities are inaccessible.' Specific oxygen saturation thresholds (95-100% normal, below 88% emergency) create a sense of actionable, life-saving knowledge. 'Tells you in 10 seconds whether a household member has a normal illness or a respiratory crisis.'",Medical reference ranges cited (SpO2 percentages); explicit clinical disclaimer about carbon monoxide limitations adds credibility.,"'Under $20, no expiry date. The difference between catching a deteriorating condition early and missing it entirely.'","General households, preppers, parents, elderly caregivers, anyone in wildfire-prone or disaster-risk areas.","Budget — explicitly 'under $20', framed as extremely high value for cost","Excellent dropship product — low price point, no expiry, lightweight, high perceived value, and strong post-pandemic consumer awareness. Evergreen demand with strong margins and broad target audience."
7,13 Items Gone From Pharmacies in the First 6 Hours of Grid Collapse #new #breakingnews #fyp #foryoupage #gone ,https://www.tiktok.com/@abfitnetfatloss/video/7617560836441263374,Battery-Powered Carbon Monoxide Detector,home safety / emergency preparedness,"A battery-operated detector that alerts households to dangerous carbon monoxide levels, especially relevant when improvised heating sources are used during grid collapse.",Detecting carbon monoxide poisoning from improvised heating sources during power outages — a risk that pulse oximeters cannot detect.,authoritative / educational,safety disclaimer and product differentiation — positioned as companion product to pulse oximeter,"'For CO risk from improvised heating sources, a battery-powered carbon monoxide detector is the correct and only reliable device.' Positioned as non-negotiable safety tool through authoritative, clinical language.",Explicit medical disclaimer that standard pulse oximeters cannot detect CO poisoning adds strong credibility and urgency to this product.,Implied urgency through grid-collapse and improvised heating scenario.,"Preppers, homeowners, emergency preparedness households, families using generators or alternative heating.","Not specifically mentioned, but implied affordable given context of other sub-$25 products listed.","Solid dropship product with year-round safety demand, especially during winter and in regions prone to power outages. Strong upsell pairing with pulse oximeters in preparedness bundles."
7,13 Items Gone From Pharmacies in the First 6 Hours of Grid Collapse #new #breakingnews #fyp #foryoupage #gone ,https://www.tiktok.com/@abfitnetfatloss/video/7617560836441263374,Antacids,over-the-counter medication / digestive health,"Over-the-counter antacid tablets or liquids used to neutralize stomach acid and relieve gastrointestinal discomfort, which spikes during high-stress crisis scenarios.","Managing gastrointestinal stress, heartburn, and indigestion during high-stress emergency situations when pharmacies are closed.",urgent / fear-based,rapid clearance list format — '4 items gone in the first 2 hours','Antacid supplies are gone before most people have decided to go to the pharmacy.' Creates extreme urgency through documented scarcity behavior.,Framed as documented emergency behavior pattern across all historical grid outages.,Extreme — 'gone within the first two hours of any emergency',"General households, emergency preparedness stockers, adults prone to stress-related digestive issues.",Budget — implied by grouping with other low-cost OTC items,High commodity competition on major platforms but strong demand signal in emergency preparedness content funnels. Better as a bundle component than standalone dropship product.
7,13 Items Gone From Pharmacies in the First 6 Hours of Grid Collapse #new #breakingnews #fyp #foryoupage #gone ,https://www.tiktok.com/@abfitnetfatloss/video/7617560836441263374,Antihistamines,over-the-counter medication / allergy and sleep support,"Multi-purpose OTC antihistamine tablets used for allergy management, sleep support, and motion sickness treatment — a versatile single product solving multiple needs.","Allergy relief, sleep support without prescription sleep aids, and motion sickness management during emergencies.",educational / value-based,"multi-use value framing, rapid clearance list format, price anchor","'Allergy management, sleep support, and motion sickness treatment in a single over-the-counter medication that costs $4 for a bottle of 100.' Extreme value framing — three problems solved for $4.","Matter-of-fact, clinical presentation style implies expertise.",High — grouped in 'clears within first two hours' category.,"General households, allergy sufferers, preppers, budget-conscious emergency stockers.",Extremely budget — explicitly '$4 for a bottle of 100',"Pharmaceutical sales restrictions on major platforms limit direct dropshipping. However, the strong value messaging makes it an excellent content marketing hook for driving traffic to adjacent preparedness products."
7,13 Items Gone From Pharmacies in the First 6 Hours of Grid Collapse #new #breakingnews #fyp #foryoupage #gone ,https://www.tiktok.com/@abfitnetfatloss/video/7617560836441263374,Elastic Bandages,first aid / wound care,"Stretchy, reusable bandages used to wrap sprains, strains, and soft tissue injuries — essential for managing physical injuries common in manual grid-down labor.","Managing sprains, strains, and soft tissue injuries that occur when people perform unaccustomed physical tasks during grid-down emergencies.",practical / fear-based,"scenario-based necessity framing, rapid clearance list format","'Every physical task performed in a grid-down environment that people are not accustomed to produces sprains, strains, and soft tissue injuries.' Creates vivid, relatable injury scenarios that make the product feel inevitable and necessary.",Behavioral observation framing — presented as predictable human response to emergency conditions.,High — part of 'clears within first two hours' category.,"General households, preppers, physically active adults, emergency preparedness stockers.","Budget — implied, not explicitly stated","Good dropship potential — lightweight, non-perishable, no regulatory restrictions, and broad appeal. Strong bundling opportunity with other first aid products in preparedness kits."
7,13 Items Gone From Pharmacies in the First 6 Hours of Grid Collapse #new #breakingnews #fyp #foryoupage #gone ,https://www.tiktok.com/@abfitnetfatloss/video/7617560836441263374,Saline Wound Wash (Pressurized Cans),first aid / wound care,"Sterile pressurized saline solution in single-use or pressurized cans used to irrigate and clean wounds before antiseptic application, with no mixing or contamination risk.","Proper wound cleaning during emergencies when sterile water is unavailable, preventing infection without requiring mixing or shared containers.",authoritative / educational,"technical superiority framing vs improvised alternatives, rapid clearance list format, scarcity as proof of value","'A sterile pressurized stream of saline solution is the correct first step in cleaning any wound before antiseptic application. It requires no mixing, no measuring, and no contamination risk from a shared bottle.' The product's rapid clearance is used as proof of its value: 'gone from every pharmacy within hours...for the simple reason that almost nobody stocks it at home.'",Clinical wound care protocol language — 'correct first step before antiseptic application' implies medical best-practice endorsement.,Extreme — 'gone from every pharmacy within hours of any emergency.' Scarcity framed as evidence of universal demand.,"Preppers, first aid kit builders, households in disaster-prone areas, parents, general emergency preparedness audience.","Budget — implied affordable, not explicitly priced","Excellent dropship candidate — low consumer awareness drives the 'nobody stocks it at home' gap, creating an education-to-purchase funnel opportunity. Lightweight, non-perishable, and niche enough to avoid heavy platform competition."
8,13 Items Gone From Pharmacies in the First 6 Hours of Grid Collapse #new #breakingnews #fyp #foryoupage ,https://www.tiktok.com/@abfitnetfatloss/video/7617560403672911117,30-day prescription medication buffer (maintenance medications),health/pharmaceutical preparedness,"A stockpiled 30-day supply of any ongoing maintenance prescription medications, built by refilling on day 25 of each cycle rather than waiting until nearly empty.","Pharmacy inaccessibility during grid collapse leaves people without critical daily medications, turning a disruption into a medical emergency within days.","fear-based, authoritative",contrast/consequence framing — '30 days vs. 7 days' outcome comparison,"'Seven days gives you a medical emergency on day 8'; frames early refill as a permanent habit, not a one-time act; instructs specific day (day 25) to create an actionable rule",References prescribing physicians and documented medical necessity protocols; implies clinical legitimacy,Implicit urgency — grid collapse could happen at any time; pharmacies lock within 6 hours,Anyone on chronic/maintenance prescription medications; households with ongoing medical conditions,not mentioned,"Not directly a dropshippable product, but adjacent products like pill organizers, medication tracking apps, or medical prep kits have strong demand in the prepper niche."
8,13 Items Gone From Pharmacies in the First 6 Hours of Grid Collapse #new #breakingnews #fyp #foryoupage ,https://www.tiktok.com/@abfitnetfatloss/video/7617560403672911117,Insulin (60-day stockpile supply),health supplement / pharmaceutical,Insulin required by insulin-dependent diabetics to survive; analog insulins lose potency above 77°F and within 28 days unrefrigerated.,"Grid collapse eliminates refrigeration, causing insulin to degrade rapidly and putting millions of diabetics at life-threatening risk within hours.","fear-based, urgent","statistical impact framing — '7 to 8 million Americans'; timeline escalation ('hours, not days')","'A grid collapse in summer is a direct threat to the life of every insulin-dependent diabetic household within hours, not days. Hours.' — repetition of 'hours' for dramatic effect",Population statistics (7–8 million Americans); temperature/potency data presented as clinical fact,"Extreme urgency — life-threatening within hours of grid collapse, especially in summer",Diabetic households; caregivers of insulin-dependent individuals,not mentioned,"Insulin itself requires prescriptions, but diabetic supply accessories (cases, coolers, organizers) are highly dropshippable with strong demand in health/medical prepper niches."
8,13 Items Gone From Pharmacies in the First 6 Hours of Grid Collapse #new #breakingnews #fyp #foryoupage ,https://www.tiktok.com/@abfitnetfatloss/video/7617560403672911117,Evaporative insulin cooling case (no-power insulin pouch),medical device / survival gear,"A water-activated evaporative cooling pouch that keeps insulin at safe temperatures for up to 45 hours without electricity, costing under $30.","Insulin requires refrigeration to maintain potency; grid collapse eliminates powered refrigeration, threatening diabetic survival.","fear-based, practical, urgent",problem-solution format with specific product specs; price anchor to emphasize low cost vs. high stakes,'The difference between a manageable disruption and a life-threatening emergency within hours'; 'not optional equipment'; under $30 price point makes it an easy purchase decision,"Technical specifications (45-hour window, water-only activation) lend credibility; implied medical necessity","'This is not optional equipment' — framed as must-have, not nice-to-have",Diabetic individuals and their households; preppers with diabetic family members,budget — 'under $30',"Strong dropship potential — niche medical product with high emotional stakes, low price point, not widely stocked in general retail, and growing prepper/diabetic preparedness market."
8,13 Items Gone From Pharmacies in the First 6 Hours of Grid Collapse #new #breakingnews #fyp #foryoupage ,https://www.tiktok.com/@abfitnetfatloss/video/7617560403672911117,Epinephrine autoinjectors (EpiPen or equivalent),medical device / emergency pharmaceutical,"Auto-injection devices pre-loaded with epinephrine, the only first-line treatment for anaphylaxis (severe allergic reactions causing fatal airway closure within minutes).","Severe allergic reactions can be fatal within minutes; in a grid collapse, emergency services are unavailable, making personal possession life-critical.","fear-based, urgent, authoritative",gap analysis — exposing a lethal preparedness gap; expert recommendation framing ('allergists consistently recommend'),'The absence of one in a household with a known severe allergy is a lethal gap'; 'the window between first and second injection is often under 15 minutes'; recommends two per person to double perceived necessity,'Allergists consistently recommend two per at-risk individual' — professional medical authority,'Check expiry dates today' — immediate action trigger; annual expiry creates recurring purchase cycle,Households with known severe allergy sufferers; parents of children with allergies,not mentioned,"Prescription-only in the US, limiting direct dropship; however, adjacent products like allergy emergency kits, medical ID bracelets, and first aid pouches are highly viable in this niche."
8,13 Items Gone From Pharmacies in the First 6 Hours of Grid Collapse #new #breakingnews #fyp #foryoupage ,https://www.tiktok.com/@abfitnetfatloss/video/7617560403672911117,"Oral rehydration salts (ORS sachets, WHO formula)",health supplement / emergency medical supply,WHO-formula sachets that restore electrolyte balance and prevent dangerous dehydration caused by gastrointestinal illness; each sachet costs approximately $0.40.,"Gastrointestinal illness spreads rapidly during grid collapse as food safety and water quality deteriorate, causing life-threatening dehydration.","fear-based, value-driven, authoritative",bulk quantity recommendation with price anchor; documented historical precedent ('every documented extended power outage'),'Gone within six hours of pharmacy closure'; '100 sachets costs under $40 and stores for three years' — extreme value framing; community preparedness angle ('resource for neighbors'),WHO formula reference — world health authority credibility; historical outage documentation implied,'Gone within six hours of pharmacy closure' — scarcity based on documented depletion behavior,"Preppers, families, community-minded individuals; households in disaster-prone areas","budget/value — '$0.40 each', '100 sachets under $40'","Excellent dropship product — ultra-low cost, long shelf life, high perceived value in emergencies, bulk purchase potential, and strong appeal in prepper and family health niches."
8,13 Items Gone From Pharmacies in the First 6 Hours of Grid Collapse #new #breakingnews #fyp #foryoupage ,https://www.tiktok.com/@abfitnetfatloss/video/7617560403672911117,Loperamide (broad spectrum anti-diarrheal medication),over-the-counter medication / emergency medical supply,"OTC anti-diarrheal capsules (e.g., Imodium) that control fluid loss during gastrointestinal illness, preventing dangerous dehydration escalation.","Diarrheal illness during a grid collapse, when clean water is already scarce, creates a rapid dehydration crisis that becomes dangerous within 24 hours.","fear-based, urgent, practical",timeline escalation — 'uncomfortable to dangerous within 24 hours'; specific quantity recommendation (48 capsules); price/shelf-life anchor,'Consistently one of the first items cleared from pharmacy shelves in any emergency' — social proof via scarcity behavior; 'under $12' removes price objection; 3–4 year shelf life reduces risk of waste,Behavioral observation — 'consistently one of the first items cleared' implies documented emergency response patterns,'Own it now' — direct call to action; 'gone from pharmacies within hours of any emergency' — scarcity framing,General preppers; households with children or elderly members; anyone in disaster-prone regions,budget — 'under $12',Widely available OTC but strong in emergency prep bundles; high sell-through during disaster seasons; consider bundling with ORS sachets for a dehydration emergency kit — strong dropship angle.
8,13 Items Gone From Pharmacies in the First 6 Hours of Grid Collapse #new #breakingnews #fyp #foryoupage ,https://www.tiktok.com/@abfitnetfatloss/video/7617560403672911117,Prescription eyeglasses or contact lens backup supply,vision care / personal safety gear,A spare pair of prescription glasses or an extra supply of contact lenses stored as backup in case primary vision correction is lost or unavailable during a prolonged grid collapse.,Nearly 200 million Americans need vision correction; inability to see clearly during a grid collapse impairs every safety-critical household task.,"practical, fear-based",scale framing — '200 million Americans'; functional necessity argument linking vision to physical safety,'Impairs every task required for household safety' — connects vision loss to broad vulnerability; massive addressable population statistic creates broad relatability,Population statistic (200 million Americans) lends epidemiological credibility,Implicit — grid collapse could make replacement impossible for extended period,The roughly 200 million Americans requiring vision correction; preppers and general households,not mentioned,Backup prescription glasses (via online eyewear retailers) and contact lens storage cases are dropshippable; online prescription glasses are a growing niche with strong demand signals from the prepper and travel markets.
9,What Military Veterans Keep in Their Medicine Cabinet — And Why You Don't Have It #new #breakingnews #fyp #foryoupage #veterans ,https://www.tiktok.com/@abfitnetfatloss/video/7617209575808257294,Oral Rehydration Salts (ORS),health supplement / medical supply,"A precise WHO-developed formula of sodium, potassium, glucose, and chloride in sachet form that rehydrates at the cellular level. Used globally in military field medical kits.","Dehydration caused by vomiting, diarrhea, or fever where water alone dilutes remaining electrolytes and worsens the condition rather than correcting it.",authoritative / fear-based,"contrast with inadequate alternatives (water, sports drinks), cite authority sources, use survival scenario framing",'Dehydration is the leading cause of preventable death in every documented humanitarian crisis and grid-down scenario on record.' Positions ORS as the only cellular-level fix versus water or sports drinks which 'accelerate the problem.',"World Health Organization formula, used in 'every military field medical kit globally'",Implicit urgency via grid-down and crisis scenario framing,"Preppers, parents, emergency preparedness households, military enthusiasts","Budget — 'under $8 for a box of 20 sachets, no prescription required'","High demand in prepper and survival niches; low price point allows bundling. Lightweight and easy to ship, strong repeat purchase potential, competes well as a low-cost impulse buy."
9,What Military Veterans Keep in Their Medicine Cabinet — And Why You Don't Have It #new #breakingnews #fyp #foryoupage #veterans ,https://www.tiktok.com/@abfitnetfatloss/video/7617209575808257294,Povidone Iodine Solution,first aid / wound care,"An antiseptic solution that kills bacteria, fungi, and viruses on contact without damaging healthy tissue. Replaces hydrogen peroxide in military medical doctrine.",Wound infection prevention when a physician cannot be accessed within 24 hours; addresses the inadequacy of hydrogen peroxide which destroys healthy tissue while cleaning wounds.,authoritative / educational,"compare good vs bad product (povidone iodine vs hydrogen peroxide), cite military doctrine abandonment of competitor product, expert framing",'Military medicine abandoned hydrogen peroxide for wound care decades ago based on documented evidence.' Frames hydrogen peroxide as harmful and outdated. 'The cleaning agent you use in the first five minutes determines whether that wound heals or becomes infected.',"'Military medical doctrine in multiple countries', decades of documented evidence",Implicit urgency — 'in a scenario where a wound cannot be seen by a physician within 24 hours',"Preppers, homesteaders, parents, emergency preparedness households, outdoor enthusiasts","Budget — 'under $6, treats dozens of wounds, indefinite shelf life in sealed dark storage'",Extremely low cost with high perceived value due to military framing; indefinite shelf life reduces return risk. Easily bundled with wound care kits for upsell opportunities.
9,What Military Veterans Keep in Their Medicine Cabinet — And Why You Don't Have It #new #breakingnews #fyp #foryoupage #veterans ,https://www.tiktok.com/@abfitnetfatloss/video/7617209575808257294,Hydrogen Peroxide (wound care use),first aid / wound care,Common civilian antiseptic used for wound cleaning. Mentioned as the default household choice that military medicine has abandoned.,"Originally intended to clean wounds and kill bacteria, but presented here as an inadequate and harmful solution.",cautionary / fear-based,positioned as the 'wrong' product to contrast against povidone iodine; used as a negative example to elevate the recommended alternative,"Used as a foil — 'destroys the healthy tissue cells required for wound healing at the same rate it destroys bacteria, slowing recovery and increasing scarring without improving infection outcomes.'",'Documented evidence' cited for military abandonment of the product,none,General consumers currently relying on hydrogen peroxide for wound care,not mentioned,Mentioned only as a product to avoid; signals strong consumer education opportunity. Useful for content marketing angles contrasting 'what you have vs what you need.'
9,What Military Veterans Keep in Their Medicine Cabinet — And Why You Don't Have It #new #breakingnews #fyp #foryoupage #veterans ,https://www.tiktok.com/@abfitnetfatloss/video/7617209575808257294,Celox Hemostatic Gauze,first aid / trauma care,"A chitosan-based hemostatic gauze derived from shellfish shells that bonds with red blood cells to form a gel clot on contact with blood, independent of the body's normal clotting mechanism.","Serious bleeding from deep lacerations or major blood vessel injuries where standard gauze and pressure alone are insufficient, especially when emergency services are delayed.",fear-based / urgent / authoritative,"contrast with inferior alternative (standard gauze), cite FDA clearance, military usage, extreme scenario framing, explicit minimum quantity recommendation",'The scenario where you need it and do not have it is not recoverable.' Works on blood thinners and hypothermic patients. 'Own a minimum of three.' Frames standard gauze as dangerously inadequate.,"'FDA cleared for civilian use without prescription', 'hemostatic agent used in military trauma kits globally'",'The scenario where you need it and do not have it is not recoverable' — permanent consequence framing creates strong urgency,"Preppers, first responders, military families, gun owners, emergency preparedness households","not mentioned (per-unit pricing implied by 'single pack treats one serious wound, own a minimum of three')",High-demand survival/trauma niche product with strong emotional urgency drivers; repeat purchase built in via 'own at least three' framing. FDA clearance and military credibility reduce purchase hesitation significantly.
9,What Military Veterans Keep in Their Medicine Cabinet — And Why You Don't Have It #new #breakingnews #fyp #foryoupage #veterans ,https://www.tiktok.com/@abfitnetfatloss/video/7617209575808257294,Standard Gauze,first aid / wound care,Common wound dressing that controls minor bleeding through pressure alone with no active hemostatic mechanism.,Minor wound bleeding management — but presented as insufficient for serious bleeding scenarios.,cautionary,used as a negative contrast product to highlight the superiority of Celox hemostatic gauze,Framed as dangerously inadequate: 'Standard gauze on a serious wound is insufficient' when emergency services are delayed beyond 20 minutes.,none,none,General consumers with standard first aid kits,not mentioned,Mentioned only as an inadequate alternative; useful for content that upgrades consumers from basic to advanced first aid kits. Low differentiation on its own but valuable in bundle contrast marketing.
9,What Military Veterans Keep in Their Medicine Cabinet — And Why You Don't Have It #new #breakingnews #fyp #foryoupage #veterans ,https://www.tiktok.com/@abfitnetfatloss/video/7617209575808257294,SAM Splint (Structural Aluminum Malleable Splint),first aid / orthopedic / trauma care,A lightweight malleable aluminum core splint with foam padding that shapes to any limb to immobilize fractures and joint injuries from wrist to femur without medical training.,"Stabilization of fractures, sprains, and joint injuries when hospital access is unavailable; prevents bone fragments from causing vascular injury and reduces pain-induced decision impairment.",authoritative / educational / fear-based,"problem-consequence escalation, highlight dual compounding risks of not immobilizing a fracture, extreme simplicity of use as a selling point","'Weighs three ounces, stores flat, requires no medical training.' Escalates consequences of unstabilized fractures: 'converting a clean fracture into a vascular injury.' '$11. The average household medicine cabinet contains no immobilization capability whatsoever.'",Implied military medical standard through consistent video framing; clinical explanation of fracture mechanics,Implicit — framed around scenarios of no hospital access,"Preppers, outdoor adventurers, parents, emergency preparedness households, rural households far from medical care","Budget — '$11', making lack of ownership seem inexcusable","Extremely low price point at $11 with high perceived value; lightweight and easy to ship. Strong fit in prepper, hiking, and first aid niches with broad cross-sell potential into trauma/emergency kit bundles."
9,What Military Veterans Keep in Their Medicine Cabinet — And Why You Don't Have It #new #breakingnews #fyp #foryoupage #veterans ,https://www.tiktok.com/@abfitnetfatloss/video/7617209575808257294,Broad Spectrum Antibiotic (OTC),medication / health supplement,An over-the-counter broad spectrum antibiotic mentioned as item five in the military medicine cabinet list. Specific product name not revealed in the transcript as it ends before completion.,"Bacterial infections that cannot be treated with immediate physician access, particularly in grid-down or emergency scenarios.",authoritative / anticipatory,"list format with teaser — transcript ends before full description, creating curiosity and implied urgency to seek out the full content",Positioned as part of an authoritative military-validated list; the incomplete reveal creates a content hook driving continued engagement.,Military medicine cabinet framing consistent throughout video,Implicit through emergency preparedness framing,"Preppers, emergency preparedness households, military enthusiasts, off-grid communities",not mentioned,"High search demand in prepper communities for OTC antibiotic alternatives; incomplete reveal in transcript suggests this may be a content hook for a follow-up product reveal, indicating strong viral list-format potential."
0,Most Families Don't Survive 72 Hours of Grid Collapse — Here's Why #new #breakingnews #fyp #foryoupage ,https://www.tiktok.com/@abfitnetfatloss/video/7616821496270343454,Sealed Food-Grade Water Storage Containers,survival gear / emergency preparedness,"Food-grade sealed containers used to store drinking water for emergency situations, rotated every six months to maintain freshness.",Prevents water crisis when municipal water pressure fails during grid collapse; ensures a family of four has 72-hour minimum water supply.,authoritative / fear-based,"contrast between prepared vs unprepared family outcome, with specific numbers and timelines to build urgency","'The family that planned for 72 hours of water before the grid failed has 30 days. The family that planned to figure it out later has a crisis inside a crisis before the first day is over.' Uses precise math (12 gallons, 100 lbs, filing cabinet size) to make solution feel easy and logical.","Implied expertise through detailed municipal water infrastructure knowledge (electric pumps, emergency backup power, hospital priority claims)","Implied — 'if your family is on the wrong side of any of these failures, when the grid goes down, the next video you watch will not change that. This one might.'","Families, homeowners, suburban households with no current emergency preparedness plan",Budget — explicitly stated 'the cost is under $15',High demand in prepper and emergency preparedness niche; food-grade water storage containers are widely available from suppliers and easy to bundle. Low cost and lightweight variants are competitive on marketplaces like Amazon and Walmart.
0,Most Families Don't Survive 72 Hours of Grid Collapse — Here's Why #new #breakingnews #fyp #foryoupage ,https://www.tiktok.com/@abfitnetfatloss/video/7616821496270343454,Camp Stove with Fuel Canisters,survival gear / outdoor cooking,"A portable non-electric camp stove used for cooking shelf-stable foods like rice and beans during power outages, sold with fuel canisters.",Solves the inability to cook shelf-stable food during grid collapse when electric ranges and microwaves are non-functional.,educational / authoritative,problem-solution format — identifies specific failure (can't cook without power) then presents product as the single preventive decision,'Shelf stable food that could sustain a family for weeks becomes inaccessible' without it. Frames the $25 stove as the difference between surviving and failing the 48-hour threshold. Bundled with 4 fuel canisters to imply completeness.,Specific technical knowledge about cooking requirements ('dry rice and beans require sustained heat for 40 minutes') lends credibility,Implicit — framed around a ticking clock scenario (48-hour failure window),"Families who primarily cook with electric appliances, suburban and urban households with no outdoor cooking experience",Budget — explicitly stated 'the stove costs $25',"Camp stoves are a proven high-demand product in both outdoor recreation and prepper niches; bundling with fuel canisters increases average order value. Lightweight canister stoves are easy to source and ship, with strong seasonal and crisis-driven demand spikes."
1,$50 Kit That Saves You When Grid Collapses | Prepping 2026 For Beginners #new #breakingnews #fyp #foryoupage ,https://www.tiktok.com/@abfitnetfatloss/video/7616454395294747917,WaterBOB Bathtub Water Storage Bladder,survival gear / water storage,"A food-grade plastic bladder that fits inside a standard bathtub, fills from the tap in under 20 minutes, and keeps water clean and drinkable for up to 16 weeks. Includes a hand pump for water extraction.",Bathtubs are useless for emergency water storage without a sealed bladder because open water accumulates bacteria within 24 hours; this solves the clean drinking water problem during grid failure.,fear-based with authoritative urgency,problem-agitation-solution with narrow time window framing; contrast between having vs. not having the item,Storing it under the sink costs nothing. Not having it costs everything. 'The window to fill it is narrow.' 'Municipal water pressure drops within 30 minutes.' Frames bathtub as your 'most valuable emergency asset.',"Specific technical claims: bacteria accumulation within 24 hours, 16-week storage life, 0-30 minute grid failure pressure window, family-of-four math for 25-30 days",Strong urgency — water pressure drops within 30 minutes of grid failure; product must be in tub before the event occurs,"Homeowners and renters with bathtubs, families preparing for grid-down scenarios, beginner preppers",Budget — part of a $50 total kit; implicitly low-cost relative to the problem it solves,"High demand in prepper and emergency preparedness niche; WaterBOB is a recognized brand with strong search volume. Low competition from generic alternatives makes brand-name dropshipping viable, though margins may be thin on Amazon-adjacent platforms."
1,$50 Kit That Saves You When Grid Collapses | Prepping 2026 For Beginners #new #breakingnews #fyp #foryoupage ,https://www.tiktok.com/@abfitnetfatloss/video/7616454395294747917,Solar-Powered LED Room Lantern (Collapsible Hanging Design),survival gear / emergency lighting,"A collapsible, hanging solar LED lantern that charges in 4-6 hours of direct sunlight and provides 8-12 hours of room-level illumination per charge. Designed to light an entire room rather than a single path.","Standard headlamps only light one person's path; this provides whole-room illumination for cooking, movement, and safety during extended grid outages without batteries or fuel.",educational with practical authority,"compare good vs. bad alternatives (headlamp vs. room lantern, fixed vs. collapsible); specific placement instructions add authority","'Operates indefinitely as long as sunlight is available.' 'Eliminates darkness as a variable for the entire duration of the outage.' Specific placement advice (kitchen first, then sleep area) signals expert knowledge.","Technical specs cited (charge time, illumination hours); fire risk of competing products mentioned to discredit alternatives; two-unit placement strategy presented as professional protocol",None explicit,"Families and households preparing for extended power outages, beginner preppers focused on home shelter-in-place",Budget — part of a $50 total kit; recommends purchasing two units,Collapsible solar lanterns are a high-volume dropship product with strong evergreen demand in camping and emergency prep niches. The specific 'hanging collapsible' positioning differentiates from commodity listings and allows niche targeting.
1,$50 Kit That Saves You When Grid Collapses | Prepping 2026 For Beginners #new #breakingnews #fyp #foryoupage ,https://www.tiktok.com/@abfitnetfatloss/video/7616454395294747917,N95 Masks (10-Pack),personal protective equipment / health safety,"NIOSH-rated N95 respirator masks that filter 95% of airborne particles down to 0.3 microns, protecting against carbon monoxide-adjacent particulates, wildfire smoke, and indoor combustion byproducts.","Grid collapse creates three specific air quality threats — generator carbon monoxide migration, wildfire smoke penetration, and indoor combustion heating particulates — that fabric and surgical masks cannot filter.",authoritative and fear-based,list of specific threats; hard contrast between N95 and inferior alternatives (surgical/fabric masks); absolute language to eliminate alternatives,'The N95 specification is not optional. It is the only mask that actually works.' Frames air quality as an overlooked but critical threat. Three specific threat scenarios make danger feel concrete and imminent.,"Specific filtration rating cited (0.3 microns, 95% particle filtration); technical comparison to surgical and fabric masks; NIOSH standard implied","None explicit, but framing of overlooked threat creates psychological urgency","Preppers, urban and suburban households in wildfire-prone or dense multi-family areas, families with elderly or respiratory-sensitive members",Budget — 10-pack format suggests low per-unit cost; part of $50 total kit,"N95 masks surged in demand post-COVID and remain strong in prepper, healthcare, and wildfire-adjacent markets. 10-packs are a natural dropship SKU with high reorder potential and broad appeal beyond just preppers."
1,$50 Kit That Saves You When Grid Collapses | Prepping 2026 For Beginners #new #breakingnews #fyp #foryoupage ,https://www.tiktok.com/@abfitnetfatloss/video/7616454395294747917,Pre-Seasoned Cast Iron Skillet,cookware / survival gear,"A pre-seasoned cast iron skillet suitable for use on open flame, propane, or non-electric heat sources. Implied to be essential for cooking when electric cooktops fail during a grid outage.","Electric cooktops become completely unusable during grid failure; cast iron works on any heat source including open flame and propane, enabling food preparation to continue.",practical and authoritative,problem setup (electric cooktop failure) leading into solution reveal — transcript cuts off mid-sentence but framing is clear,'When the grid fails every electric cooktop in—' — cliffhanger framing builds anticipation; positions cast iron as the obvious practical solution to a universal household problem,Framed within a curated expert list of 6 specific items; authority derived from overall video positioning as expert-curated kit,None explicit,"Homeowners with electric stoves, families focused on shelter-in-place preparedness, beginner preppers",Budget — part of $50 total kit; pre-seasoned positioning suggests entry-level product rather than premium lodge-style,"Cast iron skillets are a perennial bestseller across camping, cooking, and prepper niches with very high search volume. Pre-seasoned variants reduce the barrier to entry and are highly dropshippable via multiple suppliers; competitive but high-demand category."
2,If War Reaches Your City and You Have Kids — Do These 9 Things First,https://www.tiktok.com/@abfitnetfatloss/video/7616076234648292639,Waterproof Wristband with Child Identification,survival gear / child safety,"A waterproof wristband worn on a child's body containing critical identification information such as parent contact numbers, child's name, blood type, allergies, and medications.",Ensures a separated child can be identified and reunited with parents during a crisis or evacuation when bags may be lost or left behind.,fear-based / authoritative,"compare good vs bad approach (bag vs on-body), problem/solution contrast",'Bags get lost. Bags get left behind. Bags get separated from children in exactly the scenarios where the information inside them matters most.' Framed as non-negotiable: 'the physical backup on the body is not optional.' Minimized barrier to purchase: 'Write it tonight. Four minutes. Costs nothing.',Crisis logic and scenario-based reasoning presented in authoritative tone; implied real-world emergency protocol knowledge,Strong urgency: 'Write it tonight. Four minutes. Costs nothing.' Implies immediate action required.,"Parents with young children, particularly those with children under 10 who cannot reliably communicate under stress","Budget / low cost — explicitly framed as 'costs nothing' for DIY version, implying accessible entry point","High demand in prepper, family safety, and emergency preparedness niches. Waterproof ID wristbands for kids are an established product category with strong emotional purchase drivers and low price point, making them ideal for impulse-buy dropshipping."
2,If War Reaches Your City and You Have Kids — Do These 9 Things First,https://www.tiktok.com/@abfitnetfatloss/video/7616076234648292639,Laminated Child ID Card (Safety Pin / Waistband Style),survival gear / child safety,"A laminated card containing a child's critical identification and medical information, designed to be safety-pinned inside a waistband for secure, on-body storage during emergencies.",Provides a backup identification method for children separated from parents in chaotic urban emergency scenarios where verbal communication may fail.,fear-based / practical,"problem/solution contrast, worst-case scenario framing",'A separated child with no identification in a chaotic urban environment is a crisis inside a crisis. A separated child with their information on their body is a problem that can be solved.' Positions the product as a transformation from helpless to solvable situation.,Implied emergency management and crisis response expertise; logical scenario-based authority,Urgency implied: 'Write it tonight. Four minutes.' — framing delay as dangerous,Parents preparing emergency kits for children of all ages,"Budget / DIY framed — 'costs nothing' suggests homemade version, but opens door to pre-made laminated card products","Low-cost, lightweight product with strong emotional appeal to parents. Could be bundled with wristbands or emergency kits. Searches for 'child ID card emergency' and similar terms show consistent demand in the preparedness market."
2,If War Reaches Your City and You Have Kids — Do These 9 Things First,https://www.tiktok.com/@abfitnetfatloss/video/7616076234648292639,Child Emergency Backpack (Ages 4-6 Starter Kit),survival gear / children's emergency preparedness,"A small backpack assigned to young children (ages 4-6) containing a comfort item, snack, and water — designed to give children an active role during family evacuations.",Reduces child panic during crisis evacuations by giving young children a sense of purpose and responsibility while keeping them self-sufficient for basic needs.,educational / aspirational,"age-segmented role assignment framework, crisis psychology research citation","'Children given a specific job in an emergency are significantly less likely to panic than children told to follow passively.' Frames the backpack as a psychological tool, not just a gear item. 'No child is passive cargo.'",'Crisis psychology research on family evacuations consistently shows that children with an active role experience lower acute stress' — research-backed claim,"None explicit, but overall video tone creates ambient urgency",Parents of children ages 4-6 in preparedness-minded households,Not mentioned — implied budget/starter level given minimal contents,"Pre-packaged children's emergency backpacks are a growing niche within the broader survival gear market. Emotional resonance with parents is extremely high, and age-specific kits can command premium pricing with strong conversion potential."
3,What Military Veterans Do in the First 60 Minutes of a Grid Collapse #new #breakingnews #fyp #foryoupage #veteran ,https://www.tiktok.com/@abfitnetfatloss/video/7615708785281092894,Battery-powered emergency radio,survival gear,"A portable radio that operates on batteries, capable of receiving emergency broadcast signals without relying on grid power or cellular networks.",Need for information during a grid collapse when internet and powered devices are unavailable; confirms scope of outage via emergency broadcasts.,authoritative,step-by-step survival protocol presented as military doctrine,Framed as a critical first-step tool in a military-validated 8-action sequence; implied that not having one leaves you uninformed during the most critical window,"Military field operations training, sequential protocol framing implies expert validation",Implied urgency — the first 3 minutes are framed as a decision window that determines all subsequent outcomes,"Preppers, homeowners, suburban families, veterans, emergency preparedness enthusiasts",not mentioned,Battery-powered and hand-crank emergency radios are a consistent best-seller in the prepper/survival niche with strong evergreen demand; highly dropshippable with low return rates and multiple price tiers available.
3,What Military Veterans Do in the First 60 Minutes of a Grid Collapse #new #breakingnews #fyp #foryoupage #veteran ,https://www.tiktok.com/@abfitnetfatloss/video/7615708785281092894,WaterBOB or bathtub water storage bladder,survival gear,A large-capacity water containment system designed to fill a standard bathtub and store 80-100 gallons of clean water during emergencies.,Municipal water pressure fails within 20-40 minutes of a grid collapse; need to rapidly store large volumes of potable water before pressure drops.,urgent,time-pressure framing with specific data points (20-40 minute window) embedded in a military protocol list,'The window to fill containers from a functioning tap is three to 30 minutes after failure' — creates immediate scarcity around time; bathtub storage framed as highest-volume fastest action,"Military protocol framing, specific pressure-drop timeline data lends scientific credibility",Strong urgency — explicit 20 to 40 minute pressure loss window creates a hard deadline for action,"Homeowners, preppers, suburban families, grid-collapse and SHTF preparedness community",not mentioned,"WaterBOB-style bladders are a high-demand, lightweight, easy-to-ship prepper product with strong impulse-buy appeal after fear-based content; low competition compared to broader survival gear categories."
3,What Military Veterans Do in the First 60 Minutes of a Grid Collapse #new #breakingnews #fyp #foryoupage #veteran ,https://www.tiktok.com/@abfitnetfatloss/video/7615708785281092894,"Water storage containers (pots, pitchers, bottles)",survival gear / household,"Standard household containers repurposed for emergency water storage, including any sealable pot, pitcher, or bottle available in the home.",Need to store maximum water volume quickly before municipal pressure fails during a grid outage.,educational,checklist/list format embedded in military action sequence,'Fill every available container before any other action' — absolute prioritization language drives urgency; implies dedicated containers are better than improvised ones,Military protocol framing,Urgency implied by the narrow 3-30 minute fill window,"General homeowners, preppers, emergency preparedness beginners","budget — implied as household items already owned, but signals demand for purpose-built storage solutions",Dedicated emergency water storage containers and stackable water jugs are strong upsell products for this audience; high search volume in prepper communities and easy to bundle with water purification products.
3,What Military Veterans Do in the First 60 Minutes of a Grid Collapse #new #breakingnews #fyp #foryoupage #veteran ,https://www.tiktok.com/@abfitnetfatloss/video/7615708785281092894,Waterproof notepad / emergency paper log,survival gear / stationery,"A paper-based notepad used to record critical information such as family member locations, statuses, and communication logs during emergencies when digital devices may fail.",Reliance on smartphones for information storage is a vulnerability when batteries die during extended grid collapse; physical records ensure data persistence.,authoritative,"contrast framing — digital vs. analog reliability, presented as military communication best practice",'Write it down on paper. Do not rely on the phone to hold this information if the battery dies' — direct instruction positions paper log as essential failsafe,Military communication training protocol,"none explicit, but failure consequence implied","Preppers, families with members in multiple locations, emergency preparedness planners",budget,"Waterproof notebooks, Rite in the Rain-style pads, and emergency planning logbooks are niche but highly targeted prepper products with strong organic search demand and good margin potential."
3,What Military Veterans Do in the First 60 Minutes of a Grid Collapse #new #breakingnews #fyp #foryoupage #veteran ,https://www.tiktok.com/@abfitnetfatloss/video/7615708785281092894,Medication storage / emergency medication organizer,personal care / survival gear,"A system or container for organizing and storing time-sensitive medications for elderly or vulnerable individuals, ensuring access during extended grid disruptions.",Elderly individuals have time-sensitive medication dependencies that become critical during extended grid collapse when normal pharmacy and refrigeration access is lost.,fear-based,"vulnerability segmentation — elderly prioritized first in sequential contact protocol, medication dependency highlighted as top risk factor","'Elderly first, least physical resilience, most time sensitive medication dependencies' — frames medication management as a life-safety issue requiring pre-planning",Military communication triage protocol implied as source of prioritization logic,Urgency implied — time-sensitive medication dependency framed as immediate threat,"Caregivers, families with elderly members, prepper community, senior households",not mentioned,"Emergency medication organizers, cooling cases for insulin, and caregiver preparedness kits are underserved niches with strong emotional purchase drivers; pairs well with broader prepper audiences."
3,What Military Veterans Do in the First 60 Minutes of a Grid Collapse #new #breakingnews #fyp #foryoupage #veteran ,https://www.tiktok.com/@abfitnetfatloss/video/7615708785281092894,Car radio (vehicle as emergency broadcast receiver),survival gear / automotive,A standard vehicle radio used as an independent signal source to scan for emergency broadcasts during a grid collapse when home electronics are inoperable.,"Need for a powered, independent radio signal source when home power is out and battery-powered radios may not be immediately available.",educational,practical tip within military action sequence; positioned as an immediately accessible backup tool,Framed as one of three simultaneous verification signals in the critical first 3 minutes; implies value of keeping vehicle fueled and accessible,Military verification protocol framing,Urgency implied by 3-minute confirmation window,"General homeowners, suburban preppers, vehicle owners",not mentioned — leverages existing asset,"While the car itself isn't a dropship product, this signal creates demand for portable car battery jump starters and vehicle power inverters, which are strong dropship products in the prepper and automotive niche."
4,What Military Veterans Do in the First Hour If War Reaches Their City #new #breakingnews #fyp #foryoupage #veteran ,https://www.tiktok.com/@abfitnetfatloss/video/7615334551975365919,Battery-powered AM Radio,emergency communication / survival gear,A portable battery-powered AM radio that receives emergency broadcast frequencies without relying on cellular networks or internet infrastructure.,"Unreliable cell networks and unverified social media information during crisis events; need for a single trusted, verified information source during urban conflict or emergencies.",authoritative,expert endorsement via military doctrine framing; contrast between verified vs unverified information sources,"Positioned as the ONLY reliable signal in a crisis — 'a single verified source outweighs 10 unverified ones'; social media explicitly dismissed as dangerous, making this the rational, disciplined choice; tied to military intelligence doctrine for credibility","Military intelligence doctrine cited; reference to 30 years of documented urban conflict behavior; emergency broadcast described as 'vetted, delayed for verification, specifically designed to guide civilian behavior'","Implied urgency — cell towers degrade over time rather than recovering, making this device increasingly critical the longer a crisis lasts","Civilians concerned about civil unrest, urban conflict, or large-scale emergencies; preppers; homeowners with families",Not mentioned; implicitly budget-accessible as a basic preparedness item,"Strong dropship potential — evergreen prepper demand, low price point, lightweight/easy to ship. Highly searchable product with consistent demand spikes during geopolitical events."
4,What Military Veterans Do in the First Hour If War Reaches Their City #new #breakingnews #fyp #foryoupage #veteran ,https://www.tiktok.com/@abfitnetfatloss/video/7615334551975365919,Hand Crank AM Radio,emergency communication / survival gear,A manually-powered hand crank radio that receives AM emergency broadcast frequencies with no dependency on batteries or external power sources.,Power outages and battery depletion during extended emergency scenarios where no electricity is available.,authoritative,paired recommendation alongside battery-powered radio; presented as the military-doctrine-approved verified information source,"Presented as one of only two acceptable information tools in a crisis; framed as the solution to the chaos of unverified social media; 'tune to it, stay on it' implies indispensable, continuous use","Military intelligence doctrine; emergency broadcast system credibility ('vetted, delayed for verification')","Implied — infrastructure degrades over time, making non-grid-dependent tools increasingly valuable","Preppers, survivalists, families with emergency plans, veterans and military-adjacent audiences",Not mentioned; typically budget-to-mid-range product,"Excellent dropship candidate — frequently bundled in survival kits, strong search volume, pairs well with other emergency gear for upsell opportunities. Lightweight and shippable."
4,What Military Veterans Do in the First Hour If War Reaches Their City #new #breakingnews #fyp #foryoupage #veteran ,https://www.tiktok.com/@abfitnetfatloss/video/7615334551975365919,First Aid Kit,survival gear / medical supplies,A pre-assembled kit containing medical supplies for treating injuries in emergency situations where professional medical care is unavailable.,Inability to address medical emergencies during a crisis when external medical help cannot be accessed; part of the 4-hour resource audit framework.,authoritative,list format within a rapid resource audit framework; presented as a non-negotiable checklist item rather than optional,"'A first aid kit and someone who can use it' — the phrasing implies ownership without training is insufficient, creating demand for both product and education; embedded in a military doctrine checklist which elevates its perceived necessity",Military immediate action planning framework; implied veteran-level expertise in resource prioritization,Implied — the 4-hour resource audit creates a ticking-clock framework where gaps in supplies become immediately apparent,"Families, homeowners, civilians with no prior emergency preparation, preppers",Not mentioned; broadly accessible across budget and premium tiers,Extremely high-demand evergreen product with broad appeal beyond preppers. Competitive but highly bundleable — consider niche positioning as 'urban conflict' or 'civil emergency' kit to differentiate.
4,What Military Veterans Do in the First Hour If War Reaches Their City #new #breakingnews #fyp #foryoupage #veteran ,https://www.tiktok.com/@abfitnetfatloss/video/7615334551975365919,No-Signature Light Source (battery-powered indoor light),survival gear / lighting,"A portable, battery-powered light source that provides interior illumination without producing light visible from outside the structure, such as a covered lantern, red-light flashlight, or blackout-compatible lamp.",Need for interior lighting during a crisis without revealing occupancy to outside observers; standard lights create a visible signature that identifies a structure as occupied.,authoritative,embedded in resource audit checklist; defined by a specific military doctrine concept ('light discipline') that frames the product requirement technically,'A light source with no exterior signature' — the specific qualifier creates demand for a specialized product rather than any flashlight; military framing ('light discipline') makes the concept feel professional and urgent,Military urban operations doctrine; framed as standard practice in conflict zones,Implied — needed immediately upon threat arrival as part of the first-hour action sequence,"Preppers, survivalists, military-adjacent civilians, homeowners with families",Not mentioned; niche positioning suggests mid-range tactical lighting market,Underserved niche — most consumers buy standard flashlights but this framing creates demand for tactical blackout-compatible lighting. Good opportunity for differentiation with military-inspired branding and messaging.
4,What Military Veterans Do in the First Hour If War Reaches Their City #new #breakingnews #fyp #foryoupage #veteran ,https://www.tiktok.com/@abfitnetfatloss/video/7615334551975365919,Emergency Water Supply / Sealed Water Containers,survival gear / food and water,"Pre-sealed water containers stored as part of a home emergency supply, providing drinkable water without requiring external access or utility infrastructure.",Loss of running water or safe water access during an urban emergency; one of the key criteria in the stay-or-move decision framework.,authoritative,"checklist/audit format; framed as a binary decision variable — having water means you stay, lacking it means you must move and risk exposure","'What do you have in sealed containers?' — creates an immediate self-audit that most viewers will fail, generating perceived need; water absence is cited as one of only four conditions that justifies dangerous movement outside",Military 4-hour resource framework; implied veteran expertise in field resource management,Strong implied urgency — lacking water forces dangerous exterior movement; the 4-hour countdown framework makes the gap feel immediately actionable,"Families, homeowners, urban civilians with no current emergency prep",Not mentioned; accessible at all price points,Steady evergreen demand; water pouches and stackable water bricks perform well in survival niches. Can be bundled with food supplies for higher AOV. Low barrier to entry but competitive — brand around specific use cases.
4,What Military Veterans Do in the First Hour If War Reaches Their City #new #breakingnews #fyp #foryoupage #veteran ,https://www.tiktok.com/@abfitnetfatloss/video/7615334551975365919,No-Prep Emergency Food / Ready-to-Eat Food Supplies,survival food,"Pre-packaged food requiring no cooking or preparation, suitable for consumption during a shelter-in-place emergency when utilities may be unavailable.","Need for sustenance during a crisis without fire, electricity, or cooking equipment; part of the 4-hour resource audit.",authoritative,checklist/audit format; specifically qualified as 'requiring no preparation' which narrows and defines the product category,"'Food requiring no preparation' — the specific qualifier disqualifies most pantry staples, creating a perceived gap that drives product-specific purchases; embedded in a high-stakes military decision framework",Military immediate action planning doctrine; 4-hour framework positions this as a professionally-derived requirement,Implied — the 4-hour audit framing creates immediate awareness of supply gaps,"Preppers, families, urban homeowners, civilians building first emergency kits",Not mentioned; wide range from budget (granola bars) to premium (freeze-dried meals),High-demand prepper staple with strong repeat purchase potential. Freeze-dried and MRE-style products perform well with military-framed content. Bundle with water and first aid for strong survival kit AOV.
4,What Military Veterans Do in the First Hour If War Reaches Their City #new #breakingnews #fyp #foryoupage #veteran ,https://www.tiktok.com/@abfitnetfatloss/video/7615334551975365919,Blackout Window Covering / Blackout Curtains,home preparedness / survival gear,"Dark, opaque window coverings — including purpose-made blackout curtains or improvised materials like dark blankets and garbage bags — used to eliminate interior light visibility from outside.","Visible light from windows revealing occupancy, location, and number of people inside a structure to outside observers during a conflict or crisis scenario.",authoritative,step-by-step instructional format; presented as doctrine rather than suggestion; DIY alternatives mentioned but purpose-built solution implied as superior,"'Curtains, blankets, taped garbage bags' — by listing improvised alternatives first, the content implicitly positions proper blackout curtains as the prepared person's solution; 'A structure showing no light is indistinguishable from an unoccupied one' creates a powerful survival incentive",Military urban operations doctrine; 'light discipline' terminology signals professional-grade knowledge,Implied — must be implemented 'the moment a threat enters the operational area',"Preppers, homeowners, families in urban areas, military-adjacent civilians",Not mentioned; budget to mid-range; DIY alternatives mentioned suggest price sensitivity awareness,"Blackout curtains have broad mainstream demand beyond prepping (sleep, shift workers, nurseries). Military/survival framing opens a differentiated niche. Lightweight and easy to ship — solid dropship candidate with multiple audience overlaps."
4,What Military Veterans Do in the First Hour If War Reaches Their City #new #breakingnews #fyp #foryoupage #veteran ,https://www.tiktok.com/@abfitnetfatloss/video/7615334551975365919,Portable Phone Charger / Battery Bank,survival gear / electronics,A portable external battery device that maintains charge on mobile phones and communication devices when grid power is unavailable.,Communication device battery depletion during a crisis when grid power is inaccessible; identified in the resource audit as 'any communication device with battery remaining'.,authoritative,embedded in resource audit checklist; framed as a critical resource to assess immediately,'Any communication device with battery remaining' — the conditional phrasing implies most people will find themselves underprepared; battery life becomes a survival variable within the military framework,Military 4-hour resource planning framework,Implied — communication windows close quickly as cell networks degrade; battery life directly determines ability to send the critical outbound message in Action 4,"General consumers, preppers, families, urban civilians",Not mentioned; widely available across all price points,Massive mainstream market with strong prepper crossover. Highly competitive but survives well with niche survival/military branding. Bundle with hand crank radio and first aid kit for emergency prep kit upsell.
5,13 Items Gone From Stores in the First 6 Hours of Grid Collapse | Prepping 2026 Guide #new #breakingnews #fyp #foryoupage #gone ,https://www.tiktok.com/@abfitnetfatloss/video/7615329981002042655,Waterproof document sleeve,survival gear,"A waterproof protective sleeve used to store paper documents, phone numbers, and addresses to keep them accessible without power or network.",Loss of critical contact information when electronic devices lose power or network connectivity during emergencies.,authoritative,"problem-solution contrast, value proposition with exact cost",'Paper costs nothing. A waterproof sleeve costs $1.' 'Single highest return action on this entire list.' Creates shame/urgency with 'Nobody does it. Nobody.',Statistical framing: 'The average person can recall two or three numbers from memory',Implied urgency through grid-collapse scenario framing,"Preppers, emergency planners, survivalists, family-oriented adults",Budget — explicitly stated at $1,"Low competition, extremely low cost item with high perceived value in prepper niche. Easy bundling opportunity with other survival stationery products."
5,13 Items Gone From Stores in the First 6 Hours of Grid Collapse | Prepping 2026 Guide #new #breakingnews #fyp #foryoupage #gone ,https://www.tiktok.com/@abfitnetfatloss/video/7615329981002042655,"Monofilament fishing line (30m, 20lb) and size 8 hooks (10-pack)",survival gear / fishing,Lightweight 20-pound monofilament fishing line and small hooks used for food acquisition and perimeter security in survival scenarios.,Protein/food acquisition in grid-down scenarios and perimeter security with minimal weight and cost.,authoritative,"multi-use value stacking, cost-per-calorie framing, dual-use reveal",'Protein acquisition capability that fits in a jacket pocket and costs $2.' 'Highest calorie per dollar item on this entire list.' Surprise dual-use as tripwire adds intrigue.,Tactical framing — 'near invisible perimeter tripwire around a rest position',Implied scarcity through grid-down food uncertainty narrative,"Preppers, survivalists, outdoors enthusiasts, budget-conscious emergency planners",Budget — explicitly stated under $2,Extremely high demand in survival and fishing niches with very low cost of goods. Easy to bundle; monofilament + hooks kits are proven sellers on Amazon and prepper storefronts.
5,13 Items Gone From Stores in the First 6 Hours of Grid Collapse | Prepping 2026 Guide #new #breakingnews #fyp #foryoupage #gone ,https://www.tiktok.com/@abfitnetfatloss/video/7615329981002042655,Baking soda (large sealed box),household / survival supply,"A large box of baking soda with at least eight emergency utility functions including dental hygiene, fire suppression, odor control, and surface disinfection.","Replaces 8 separate products for hygiene, cleaning, fire safety, and health in an off-grid scenario.",educational,"list format — 8 functions enumerated, insider knowledge framing",'Replaces 8 separate products.' 'The small number of people who understand what it does buy every box on the shelf immediately.' Creates elite insider identity for buyer.,Implied expertise through obscure multi-use knowledge; scarcity behavior of 'informed minority' cited,'Disappears from stores in the first six hours' — explicit scarcity framing,"Preppers, frugal survivalists, DIY household managers","Budget — implied very low cost, $1 range",Commodity product with low margins but strong as part of a curated survival kit bundle. High search volume in prepper content; better positioned as an upsell item than standalone dropship.
5,13 Items Gone From Stores in the First 6 Hours of Grid Collapse | Prepping 2026 Guide #new #breakingnews #fyp #foryoupage #gone ,https://www.tiktok.com/@abfitnetfatloss/video/7615329981002042655,Leather palm cut-resistant work gloves,personal protective equipment / survival gear,"Full-finger, leather palm, cut-resistant work gloves designed to protect hands during heavy physical emergency tasks like moving debris or handling broken glass.","Hand injuries during emergency physical labor that, without medical care, could become scenario-ending infected wounds.",fear-based,"compare good vs bad (leather vs synthetic), consequence escalation",'Every physical emergency task destroys unprotected hands within 30 minutes.' 'An infected hand wound with no accessible medical care is scenario ending.' Specific material callout — 'Leather palm. Specifically.',Practical mechanics explained — 'Synthetic gloves compress under grip and provide no cut protection','Work gloves disappear from hardware stores by hour three',"Preppers, manual laborers, homesteaders, emergency responders",Not mentioned,Strong evergreen demand in both prepper and construction/labor markets. Leather palm gloves are a well-established product category with clear differentiation angle (leather vs synthetic) that supports content-driven dropship sales.
5,13 Items Gone From Stores in the First 6 Hours of Grid Collapse | Prepping 2026 Guide #new #breakingnews #fyp #foryoupage #gone ,https://www.tiktok.com/@abfitnetfatloss/video/7615329981002042655,Heavy duty commercial-grade aluminum foil (thick roll),survival gear / household supply,"Thick commercial-grade aluminum foil roll with multiple emergency uses including Faraday cage protection, cooking, signaling, shelter insulation, water collection, and food preservation.","Lack of versatile, durable multi-function emergency material — replaces multiple dedicated gear items.",authoritative,"good vs bad product comparison, multi-use value stacking, specification-focused",'$14 roll covers more emergency functions than most dedicated gear.' 'Standard kitchen foil tears under any real use. The commercial grade holds. The distinction matters when you are relying on it.',Technical specification distinction — thickness and grade cited as critical differentiator,Implied through grid-collapse scenario framing,"Preppers, survivalists, off-grid households, tech-aware individuals (EMP/Faraday concern)","Mid-range — explicitly priced at $14, positioned as high value vs cost",Commercial-grade foil rolls are a strong prepper upsell with clear differentiation from grocery store versions. EMP/Faraday angle drives premium positioning and repeat purchases.
5,13 Items Gone From Stores in the First 6 Hours of Grid Collapse | Prepping 2026 Guide #new #breakingnews #fyp #foryoupage #gone ,https://www.tiktok.com/@abfitnetfatloss/video/7615329981002042655,"High proof spirits — vodka or whiskey (80 proof minimum, sealed bottle)",survival supply / barter commodity,"Sealed bottle of high-proof alcohol used as a wound antiseptic, fire accelerant, barter currency, and morale management tool in extended emergency scenarios.","Wound disinfection, fire-starting in wet conditions, stable barter medium, and psychological stress management without refrigeration or expiration concerns.",authoritative,"taboo-breaking credibility play, multi-use value stacking, honesty positioning",'Nobody puts this on a list because it sounds irresponsible. It belongs here because it is honest.' 'The most stable barter currency in any extended disruption.' 'Does not expire. No refrigeration needed. Recognized value to anyone.',Positioned as contrarian expert insight — breaking social taboo as a credibility signal,'Disappears from liquor stores within two hours of any serious emergency announcement',"Preppers, survivalists, adults planning for extended grid-down scenarios",Not mentioned,"Not directly droppable due to alcohol regulations, but this segment drives demand for adjacent products like wound care kits, fire starters, and barter-value prepper bundles."
5,13 Items Gone From Stores in the First 6 Hours of Grid Collapse | Prepping 2026 Guide #new #breakingnews #fyp #foryoupage #gone ,https://www.tiktok.com/@abfitnetfatloss/video/7615329981002042655,"Fabric-backed duct tape (original silver, heavy duty)",survival gear / tools,"Original silver fabric-backed duct tape used for shelter repair, waterproofing, blister prevention, wound closure, splint binding, and sealing broken windows.",Universal structural and medical repair needs in emergency scenarios where proper tools and medical care are unavailable.,authoritative,"good vs bad product comparison, single-item supremacy claim, specification-focused","'If you own one item from this entire list and nothing else, make it this one.' 'The fabric backed original holds under sustained stress. Cheap plastic film versions peel within hours under moisture or heat. The specification is the difference between a tool and a prop.'",Performance-based technical distinction between fabric vs plastic film construction,Implied through grid-collapse scenario and 'gone within six hours' list framing,"Preppers, survivalists, general emergency preparedness audience, hikers",Not mentioned,"Duct tape is a commodity but the fabric-backed premium variant has strong differentiation potential in survival/prepper niches. High search volume, easy to brand as 'tactical' or 'survival grade' for premium pricing."
6,13 Items Gone From Stores in the First 6 Hours of Grid Collapse | Prepping 2026 Guide #new #breakingnews #fyp #foryoupage #gone ,https://www.tiktok.com/@abfitnetfatloss/video/7614958774037548319,Pool Shock - Calcium Hypochlorite Granules (68% concentration),water purification / survival gear,"Calcium hypochlorite granules used to chemically purify large volumes of water for safe drinking. One bag can purify up to 10,000 gallons of water.",Access to safe drinking water during grid collapse when store-bought water is sold out,"authoritative, fear-based, insider knowledge",contrast between uninformed masses vs. knowledgeable preppers; scarcity logic explaining why it's still available when water is gone,'The people who know about this walk straight past the water aisle to pool supplies'; '14 years of clean water for a family of four'; 'stores indefinitely'; framed as a secret known only by true experts,implied expert knowledge; specific concentration percentage (68%) adds technical credibility,Implicit scarcity — water aisle is stripped but pool supply section still has stock at hour six; framing suggests a narrow window of opportunity,"preppers, survivalists, families concerned about water security during emergencies","budget — implied low cost vs. massive utility (10,000 gallons of purified water)",High demand signal in prepper/survival niche; low competition in e-commerce because most buyers don't associate it with survival — strong opportunity for a niche survival store or bundled water purification kit.
6,13 Items Gone From Stores in the First 6 Hours of Grid Collapse | Prepping 2026 Guide #new #breakingnews #fyp #foryoupage #gone ,https://www.tiktok.com/@abfitnetfatloss/video/7614958774037548319,Unscented Baby Wipes - Sealed Multipacks,personal care / hygiene / survival gear,"Sealed multipacks of unscented baby wipes that provide full sanitation capability without requiring water. Used for personal hygiene, wound cleaning, cooling, and surface disinfection.",Maintaining sanitation and preventing life-threatening wound infections in a grid-down environment with no running water,"fear-based, educational, urgent",reframing an ordinary product as a critical survival tool; highlighting specification detail (unscented vs. scented) to establish expertise,'Hygiene is not a comfort issue'; 'infected wounds in a grid-down environment without medical access become life-threatening within days'; 'unscented is the specification that matters',Medical framing — wound infection and life-threatening consequences cited to elevate product importance,Implied scarcity — 'disappear from baby aisles while survival section is stripped',"preppers, parents, emergency preparedness beginners",budget — everyday affordable product repositioned as high-value survival supply,Extremely broad market with strong crossover appeal (parents + preppers); unscented specification creates an easy upsell or product differentiation angle in survival bundles.
6,13 Items Gone From Stores in the First 6 Hours of Grid Collapse | Prepping 2026 Guide #new #breakingnews #fyp #foryoupage #gone ,https://www.tiktok.com/@abfitnetfatloss/video/7614958774037548319,Contractor Garbage Bags - 6 Mil Black,survival gear / utility supplies,"Heavy-duty 6-millimeter black contractor-grade garbage bags with multiple emergency uses including waterproof shelter, rain poncho, ground barrier, water collection, and waste management.","Multi-scenario survival utility — shelter, rain protection, sanitation, and gear protection during emergencies","authoritative, value-driven, educational",compare good vs. bad (contractor grade vs. standard household bags); list of use cases; price-to-value contrast,'One box of 10 bags costs $4 and covers more scenarios than survival gear costing 10 times more'; 'six millimeter contractor bags hold body weight'; 'standard bags tear under lateral stress',Specific technical grade (6 mil) cited as differentiating factor; implied field-tested knowledge,none explicitly stated,"preppers, budget-conscious survivalists, general emergency preparedness audience",extreme value — $4 box outperforms $40+ of survival gear,Low price point limits margin but high volume potential; bundling with other survival items increases order value; strong keyword opportunity around 'contractor bags for survival' in an underserved search niche.
6,13 Items Gone From Stores in the First 6 Hours of Grid Collapse | Prepping 2026 Guide #new #breakingnews #fyp #foryoupage #gone ,https://www.tiktok.com/@abfitnetfatloss/video/7614958774037548319,Super Glue - Cyanoacrylate Medical Grade Formulation,first aid / survival gear,"Medical-grade cyanoacrylate adhesive that seals lacerations like field surgery sutures, and also repairs broken gear, boot soles, and cracked containers.",Wound closure and gear repair when medical facilities and standard first aid supplies are unavailable,"authoritative, educational, value-driven",expert knowledge reframe — connecting ordinary product to military/medical use; price comparison against standard first aid supplies,'The same compound used in field surgery for wound closure when sutures are unavailable'; 'a $2 tube outperforms $20 of standard first aid supplies'; 'it never appears on emergency lists because it sounds too ordinary — that is exactly why it is still on the shelf',Field surgery / military medicine reference; specific compound name (cyanoacrylate) adds scientific credibility,Implied availability advantage — still on shelf because most people don't know about it,"preppers, survivalists, hikers, anyone building a first aid kit",extreme value — $2 product positioned against $20 first aid alternatives,High-margin potential when sold as 'medical grade' in survival or first aid bundles; strong search demand around wound closure and field medicine; easy to differentiate with 'medical grade' labeling.
6,13 Items Gone From Stores in the First 6 Hours of Grid Collapse | Prepping 2026 Guide #new #breakingnews #fyp #foryoupage #gone ,https://www.tiktok.com/@abfitnetfatloss/video/7614958774037548319,Wool Socks - 100% Wool (Not Cotton or Synthetic Blends),apparel / survival gear,"Pure wool socks that regulate temperature, resist odor, and insulate even when wet — critical for extended walking during evacuations.","Preventing blisters, open wounds, and mobility loss during extended foot travel in emergency evacuation scenarios","fear-based, educational, urgent",progressive consequence storytelling — showing physical degradation mile by mile with cotton socks; material comparison (wool vs. cotton vs. synthetic),'Two miles in wet cotton socks produces blisters. Four miles produces open wounds. Six miles makes walking genuinely difficult.'; 'insulates even when completely saturated'; 'the sporting goods wool sock section empties by hour four',Implied field experience and physiological knowledge; specific mileage data used to simulate authority,'Empties by hour four of any serious emergency'; 'own three pairs before you need them',"preppers, hikers, survivalists, anyone with an evacuation plan",not mentioned explicitly — 'own three pairs' implies modest investment in a staple item,Strong evergreen demand in both outdoor/hiking and prepper niches; wool socks are a proven high-repeat-purchase product with good margins; easy to source from established suppliers.
6,13 Items Gone From Stores in the First 6 Hours of Grid Collapse | Prepping 2026 Guide #new #breakingnews #fyp #foryoupage #gone ,https://www.tiktok.com/@abfitnetfatloss/video/7614958774037548319,Hand Crank AM/FM Radio,survival gear / emergency communication,"A hand-crank powered AM/FM radio requiring no batteries or charging infrastructure, used to receive emergency broadcasts, weather alerts, and public safety announcements during grid failure.","Access to verified emergency information when cell towers, internet, and battery-dependent devices fail during grid collapse","fear-based, authoritative, urgent","elimination of alternatives — systematically dismantling reliance on phones, apps, and battery radios to position hand crank as the only viable option",'The only reliable source of verified information in the first six hours'; 'every other source depends on infrastructure that is failing simultaneously'; 'AM broadcast towers run on independent backup power systems that operate for weeks after grid failure',Technical infrastructure knowledge cited (cell tower backup power measured in hours; AM tower independent backup systems); specificity of AM/FM band emergency frequencies,Strong urgency — framed as the singular reliable information source in the critical first six hours,"preppers, emergency preparedness families, off-grid enthusiasts, disaster-conscious consumers",not mentioned — positioned on utility and irreplaceability rather than price,Consistently top-selling survival product with proven demand spikes during natural disasters and geopolitical events; hand-crank and solar combo models are premium upsell opportunities with strong margins on Amazon and Shopify.
6,13 Items Gone From Stores in the First 6 Hours of Grid Collapse | Prepping 2026 Guide #new #breakingnews #fyp #foryoupage #gone ,https://www.tiktok.com/@abfitnetfatloss/video/7614958774037548319,Printed Personal Contact List,emergency preparedness document / survival planning,A physically printed list of personal emergency contacts intended to function when phones and digital devices are unavailable or uncharged during grid collapse.,Loss of contact information when smartphones are dead or networks are down and people cannot recall numbers from memory,"urgent, fear-based, authoritative","dramatic reveal format — positioned as 'item seven, the one that will surprise you most'; instructed audience to 'write this down', maximizing engagement and perceived value",'This is the one. Write this down.'; positioned as the most surprising and overlooked item on the entire list; transcript cuts off mid-reveal for maximum cliffhanger engagement,Implied expert curation — positioned as insider knowledge that surprises even prepared people,Implicit — framed as something most people overlook until it is too late,"preppers, families with emergency plans, general audience primed by the preceding six items","free or near-zero cost — the value is in the knowledge, not the product itself","Not a direct dropship product, but signals strong demand for emergency preparedness planners, binders, and document organizers — a low-cost physical product category with solid margins and bundling potential."
7,11 Bar Soap Brands To AVOID (And The 2 That Are Worth It) #new #breakingnews #fyp #foryoupage #barsoap ,https://www.tiktok.com/@abfitnetfatloss/video/7614639540610813215,Irish Spring Bar Soap,personal care,"A popular bar soap known for its strong, sharp pine-like scent, sold in a green wrapper. It is one of America's most widely used bar soaps.","Daily hygiene and cleansing, but framed here as a product that creates problems rather than solving them.",fear-based,"expose/warning format, ingredient breakdown, danger revelation","Negative desirability — uses phrases like 'chemical sharpness that burns the back of your throat is not freshness, it is a warning' and 'one word, 14 hidden chemicals, zero disclosure' to repel audience from this product and drive them toward alternatives","Environmental Working Group report, European safety boards, FDA regulations referenced",Implied urgency — 'every single morning' exposure framing creates ongoing daily threat,"Adults over 50, people with eczema, sensitive skin, or on topical prescriptions",not mentioned,High consumer awareness of this brand means an 'all-natural' or 'fragrance-free' alternative bar soap could capture demand from health-conscious consumers actively avoiding Irish Spring. Niche fit strong for clean beauty and sensitive skin dropshipping stores.
7,11 Bar Soap Brands To AVOID (And The 2 That Are Worth It) #new #breakingnews #fyp #foryoupage #barsoap ,https://www.tiktok.com/@abfitnetfatloss/video/7614639540610813215,Dial Gold Antibacterial Bar Soap,personal care,"An antibacterial bar soap marketed on a germ-killing promise, historically containing triclosan as its active antibacterial agent.","Germ killing and hygiene protection, but reframed in the video as a source of hormone disruption and antibiotic resistance.",fear-based,"expose/warning format, regulatory history revelation, banned ingredient angle","Negative desirability — phrases like 'Dial gave you the sensation of safety, it quietly delivered chemicals your body never asked for' and 'the label said antibacterial, the science said something else entirely' are used to discredit the product","FDA ban of triclosan in 2016, study from Environmental Health Perspectives journal (2017), statistic that triclosan was detectable in urine of nearly 75% of Americans tested",Implied ongoing urgency — 'a household crisis hiding in plain sight',"Seniors on thyroid or hormone medications, families, health-conscious consumers",not mentioned,"The antibacterial soap niche has high demand but growing skepticism; a triclosan-free, naturally antibacterial soap (e.g., with tea tree oil) would be a strong dropshipping opportunity targeting this audience. Competition is moderate in clean alternatives segment."
7,11 Bar Soap Brands To AVOID (And The 2 That Are Worth It) #new #breakingnews #fyp #foryoupage #barsoap ,https://www.tiktok.com/@abfitnetfatloss/video/7614639540610813215,Lever 2000 Bar Soap,personal care,A bar soap marketed with the 'for all your 2000 parts' campaign promising total body care and coverage from head to toe.,"Total body cleansing and care, but reframed in the video as containing harmful synthetic additives.",fear-based,"expose/warning format, ingredient naming, slogan deconstruction to reveal deception","Negative desirability — the brand's own slogan 'for all your 2000 parts' is turned against it with 'coverage does not mean safety,' and specific harmful ingredients like tetrasodium EDTA and BHT are named to alarm viewers","Specific chemical compound names (tetrasodium EDTA, BHT, synthetic surfactants) cited to imply scientific credibility",none explicitly stated,"General consumers, families, health-conscious adults",not mentioned,Lever 2000's wide recognition means consumers searching for safer alternatives represent a ready market; dropshipping clean-ingredient body bars with transparent labeling could convert viewers alarmed by this content. Demand signal is strong.
8,FDA Quietly Added Warnings to These 10 Foods Everyone Buys! (AVOID NOW!) #new #breakingnews #fyp #foryoupage #fda ,https://www.tiktok.com/@abfitnetfatloss/video/7614550168595221773,Artificial Fruit Drinks,beverage,"Fruit-flavored drinks with minimal real fruit content (sometimes less than 10%), made primarily from water, sugar or corn syrup, artificial flavoring, and coloring agents. Often marketed as vitamin-rich or refreshing beverages.",Consumers seeking hydration and perceived nutritional value from fruit-based drinks without understanding label deception.,fear-based,"expose and contrast — revealing misleading marketing vs. actual ingredients, compare to real juice alternatives","Framed as something to AVOID; desirability of the alternative is built by exposing the product's deception: 'marketing can make almost anything look healthy', 'fortified with vitamins' label manipulation called out","FDA warning framing in video title, 'health experts', 'consumer complaints', ingredient label analysis","Implied urgency via title 'AVOID NOW' and 'before your next grocery trip, watch this carefully'","Health-conscious grocery shoppers, parents, people trying to reduce sugar intake",not mentioned,"High demand for healthier beverage alternatives; natural fruit infusion bottles, real juice brands, or low-sugar drink products could serve this audience well. Competitive niche but strong evergreen demand driven by health trends."
8,FDA Quietly Added Warnings to These 10 Foods Everyone Buys! (AVOID NOW!) #new #breakingnews #fyp #foryoupage #fda ,https://www.tiktok.com/@abfitnetfatloss/video/7614550168595221773,Processed Cheese Slices,dairy / processed food,"Individually wrapped cheese-like slices made from a blend of cheese, oils, emulsifiers, stabilizers, and preservatives rather than traditional cheese. Classified legally as 'cheese product' or 'cheese food' rather than real cheese.","Consumers looking for affordable, convenient cheese for sandwiches and burgers without realizing the quality difference from real cheese.",educational / fear-based,"compare good vs. bad — processed product vs. real natural cheese, ingredient complexity contrast","Framed as product to avoid; desirability of real cheese built through contrast: 'richer flavor and more satisfying texture', 'real cheese is typically made from milk, salt, enzymes, and cultures'","Ingredient label analysis, consumer testimonials ('people who switch to real cheese often say...')",Implied urgency via overall video framing 'AVOID NOW',"Home cooks, families, health-conscious grocery shoppers, people who value clean ingredients",Value vs. quality framing — processed slices positioned as cheap but inferior; real cheese 'may cost slightly more',"Direct dropship potential is limited for perishable cheese, but artisan or specialty natural cheese subscription boxes or clean-ingredient snack products could capitalize on this audience. Strong demand signal for 'clean label' dairy alternatives."
8,FDA Quietly Added Warnings to These 10 Foods Everyone Buys! (AVOID NOW!) #new #breakingnews #fyp #foryoupage #fda ,https://www.tiktok.com/@abfitnetfatloss/video/7614550168595221773,Sugary Breakfast Cereals,breakfast food / processed food,"Heavily processed grain-based breakfast cereals with high sugar content, often marketed with health claims like 'whole grain' or 'fortified' despite containing double-digit grams of sugar per small serving size.","Consumers seeking a quick, convenient, and perceived-healthy breakfast option for themselves or their children.",fear-based / educational,"expose misleading marketing — calling out packaging tactics like cartoon mascots, health buzzwords, and misleading serving sizes","Framed as product to avoid; tactics exposed include: 'whole grain or fortified can make them seem healthier than they really are', 'serving size is often smaller than what people actually pour', nutrients 'added after processing rather than naturally present'","Ingredient label analysis, implied nutritional science references",Implied urgency via overall video framing 'AVOID NOW',"Parents buying for children, health-conscious consumers, people trying to manage sugar intake or weight",not mentioned,"Strong demand signal for low-sugar or clean-ingredient breakfast alternatives such as granola, overnight oats kits, or grain-free cereal products. Health breakfast niche is competitive but highly active in e-commerce and subscription models."
9,5 Frozen Dinners to Never Buy (And 5 That Are ACTUALLY Real Food)#new #breakingnews #fyp #foryoupage #frozendinners ,https://www.tiktok.com/@abfitnetfatloss/video/7614547234352401677,Lean Cuisine Chicken Alfredo,frozen dinner,"A frozen pasta meal featuring chicken in a creamy alfredo sauce, marketed as a lighter, portion-controlled dinner option.","Convenience meal for people seeking a quick, seemingly healthy or lighter dinner without cooking from scratch.",fear-based,compare good vs bad brands / ingredient expose / before-after contrast,"Exposed as undesirable using phrases like 'chemistry lab and marketing team designs dinner instead of a cook,' 'Diet Science project,' and contrasting it with 'real cream, real parmesan, and a chicken breast you would actually recognize on a cutting board.'",Ingredient list analysis used as implicit food science authority,none,"Health-conscious consumers, calorie-counters, busy adults seeking convenient meals",not mentioned,"Not a dropshippable physical product in the traditional sense; however, the negative framing signals strong demand for cleaner frozen meal alternatives or meal prep products that could be dropshipped."
9,5 Frozen Dinners to Never Buy (And 5 That Are ACTUALLY Real Food)#new #breakingnews #fyp #foryoupage #frozendinners ,https://www.tiktok.com/@abfitnetfatloss/video/7614547234352401677,Stouffer's Cheesy Chicken Bacon Ranch,frozen dinner,"A frozen casserole meal with noodles, formed chicken, cheese blend, bacon, and ranch-style sauce marketed as hearty comfort food.","Satisfying craving for indulgent, diner-style comfort food at home with minimal preparation effort.",fear-based,ingredient expose / compare real food vs processed food / sensory contrast,"Framed negatively with phrases like 'lab-tested cheese bath with chicken-shaped objects floating in it,' 'focus group's idea of cheesy chicken,' and direct comparison suggesting buying from a grocery hot bar for a dollar more as a better alternative.",Ingredient list deconstruction used as implicit credibility; comparison to home-cooked standards,none,"Comfort food seekers, families, busy adults looking for filling microwave meals",budget to mid-range; competitor (grocery hot bar) mentioned as only 'about a dollar more',"Negative coverage highlights consumer demand for genuinely clean, comfort-food-style frozen or meal-kit alternatives; a dropship opportunity exists for real-ingredient meal kits or clean frozen food brands."
9,5 Frozen Dinners to Never Buy (And 5 That Are ACTUALLY Real Food)#new #breakingnews #fyp #foryoupage #frozendinners ,https://www.tiktok.com/@abfitnetfatloss/video/7614547234352401677,Hungry-Man Salisbury Steak,frozen dinner,"A large-portion frozen meal featuring a Salisbury steak patty with brown gravy, mashed potatoes, and a brownie dessert, marketed toward hearty, old-fashioned appetites.","Filling a craving for a substantial, meat-and-potatoes style home-cooked meal with zero preparation time.",fear-based,nostalgia deconstruction / ingredient expose / generational contrast,Negatively framed by contrasting the nostalgic 'blue-collar fantasy' of a thick slab of beef with the reality of a heavily processed ingredient list; uses emotional nostalgia ('your grandpa might have microwaved') to heighten the disappointment reveal.,Ingredient list analysis as implicit authority; cultural/generational reference used ironically,none,"Men, older consumers, blue-collar demographic, anyone seeking large-portion comfort meals",budget / value-oriented,"Strong nostalgia-driven demand signals for hearty meat-based meal products; dropship potential exists for high-protein, clean-ingredient meal alternatives or grass-fed beef-based frozen products targeting this demographic."
0,"9 ""Healthy"" Fruit Products to Avoid at All Costs (And 2 That are Worth It!)#new #breakingnews #fyp #foryoupage #healthy ",https://www.tiktok.com/@abfitnetfatloss/video/7614268705240894733,Welch's 100% Grape Juice,beverage / fruit juice,A popular bottled grape juice marketed as 100% juice with no sugar added. It is a widely recognized brand sold in grocery stores nationwide.,"Consumers seek a healthy, fruit-based beverage option, especially those trying to increase fruit intake as recommended by doctors.",fear-based,expose/warning format with shocking comparisons and health risk escalation,Used negative desirability — framed as deceptive with phrases like 'what Welch's doesn't want you to know' and 'liquid sugar laced with invisible toxins'; compared sugar content unfavorably to a Snickers bar,Consumer Reports independent testing cited; reference to specific study on arsenic and cardiovascular disease risk (30% increase); mention of metformin and medical emergency scenarios,Implied urgency via health emergency framing — 'land you in the emergency room',"Seniors managing diabetes, blood pressure, or kidney issues; health-conscious grocery shoppers",not mentioned,"High brand-name recognition makes this a poor dropship candidate directly, but it signals strong demand for low-sugar, senior-friendly juice alternatives or detox/kidney support supplements."
0,"9 ""Healthy"" Fruit Products to Avoid at All Costs (And 2 That are Worth It!)#new #breakingnews #fyp #foryoupage #healthy ",https://www.tiktok.com/@abfitnetfatloss/video/7614268705240894733,Dole Fruit Bowls in 100% Fruit Juice,packaged food / canned/cupped fruit,"Pre-portioned plastic fruit cups marketed as healthy and convenient, packaged in 100% fruit juice. They contain processed fruit treated with preservatives and sealed in plastic.","Consumers seek a convenient, pre-portioned fruit snack that feels healthy and requires no preparation.",fear-based,expose/warning format with sensory disgust tactics and chemical danger framing,"Used negative desirability — 'peel back that foil lid and look closer'; 'slimy peach slice you thought was overripe, it might be bacterial contamination'; 'sugar-soaked, chemically treated fruit'",Reference to American Heart Association daily sugar recommendations; mention of BPA and phthalates as endocrine disruptors; consumer complaint reports cited,Implied urgency — 'one bad cup could mean hospitalization' for seniors with weakened immune systems,"Seniors with thyroid issues, blood pressure concerns, or weakened immune systems; health-conscious consumers seeking convenient snacks",not mentioned,"Signals strong demand for clean, BPA-free, low-sugar fruit snack alternatives. A dropshipper could target seniors with organic or glass-packaged fruit cup alternatives."
0,"9 ""Healthy"" Fruit Products to Avoid at All Costs (And 2 That are Worth It!)#new #breakingnews #fyp #foryoupage #healthy ",https://www.tiktok.com/@abfitnetfatloss/video/7614268705240894733,Ocean Spray Craisins (Dried Cranberries),packaged snack / dried fruit,"Sweetened dried cranberries marketed as a healthy, heart-smart snack. They are heavily sweetened due to the natural tartness of raw cranberries.","Consumers seek a portable, tasty, and seemingly nutritious snack that can be added to salads, oatmeal, or eaten on its own.",fear-based,expose/warning format with dramatic reveal of hidden sugar content and sensory storytelling,Used negative desirability — 'what's actually inside that colorful bag tells a very different story'; vivid packaging description used to contrast with hidden sugar reality; '29 grams of sugar — let that number...' used as a cliffhanger shock tactic,Implied nutritional label analysis; sensory demonstration suggestion ('try eating a raw cranberry'),none explicitly stated in transcript excerpt,"Health-conscious consumers, seniors, snackers who add dried fruit to meals",not mentioned,High awareness product with strong negative sentiment potential; signals demand for truly low-sugar or unsweetened dried cranberry alternatives or sugar-free snack products targeting seniors.
1,The $50 Walmart Survival Kit That Beats a $500 Bug Out Bag #new #breakingnews #fyp #foryoupage #walmart ,https://www.tiktok.com/@abfitnetfatloss/video/7613865820585872670,Contractor Trash Bags,survival gear / household supplies,"Heavy-duty thick plastic bags designed for construction waste that can be repurposed as emergency ponchos, ground barriers, and improvised insulation.","Protection from rain, ground moisture, and cold; multi-use shelter and insulation tool during emergencies",educational,reframing ordinary item as hidden survival gem; list of use cases,"""that assumption hides one of the most practical tools""; ""staying dry dramatically improves endurance""; positioned as overlooked genius item hiding in plain sight",logical reasoning from construction industry durability standards,none,"budget preppers, emergency preparedness beginners, outdoor survivalists","budget — implied low cost, part of a $50 total kit","High demand in prepper and camping niches; very low margins due to commodity status, but could be bundled in a 'survival starter kit' product listing for better positioning."
1,The $50 Walmart Survival Kit That Beats a $500 Bug Out Bag #new #breakingnews #fyp #foryoupage #walmart ,https://www.tiktok.com/@abfitnetfatloss/video/7613865820585872670,Aluminum Foil (standard roll),survival gear / kitchen supplies,"Standard household aluminum foil repurposed for cooking without cookware, heat reflection from fires, and emergency signaling via reflected sunlight.","Cooking without pots, maximizing fire heat, and visual signaling for rescue",educational,reframing everyday item; list of multiple unexpected use cases,"""quietly replace several tools that people often spend much more money on""; ""lightweight and inexpensive""; framed as a hidden multi-tool",references campers using heat reflection technique as social proof,none,"budget preppers, campers, emergency preparedness beginners",budget — implied very low cost,Commodity product with minimal margin; better suited as a component in a bundled survival kit product rather than sold standalone.
1,The $50 Walmart Survival Kit That Beats a $500 Bug Out Bag #new #breakingnews #fyp #foryoupage #walmart ,https://www.tiktok.com/@abfitnetfatloss/video/7613865820585872670,Zip Ties (pack),survival gear / hardware supplies,"Plastic fastening ties used for instant gear repair, securing shelter structures, and replacing knots in emergency situations.",Quick equipment repair and securing materials without tools or knot-tying skills,educational,compare zip ties vs. knots; speed and reliability framing,"""lock instantly and remain secure once tightened""; ""speed"" emphasized as key advantage; ""cost very little but offers surprising versatility""",practical logic-based argument comparing to traditional knot methods,none,"preppers, hikers, campers, DIY survivalists",budget — explicitly noted as very low cost,Strong niche appeal in survival and outdoor markets; easily bundled; low per-unit cost makes them ideal as an add-on in a survival kit bundle product.
1,The $50 Walmart Survival Kit That Beats a $500 Bug Out Bag #new #breakingnews #fyp #foryoupage #walmart ,https://www.tiktok.com/@abfitnetfatloss/video/7613865820585872670,T-Lite Candles (tealight candles),survival gear / home goods,Small wax candles that provide emergency lighting and assist in fire-starting by providing a sustained flame to ignite tinder.,Loss of electrical lighting and difficulty igniting fires during emergencies,educational,reframing decorative item as functional survival tool; dual-use case presentation,"""may look small and decorative but provide several useful benefits""; framed as underestimated survival asset",none,none,"budget preppers, emergency preparedness households, campers",budget — implied low cost as a pack,Low-cost commodity but high relevance in prepper bundles; tealight candles in bulk packs are popular in emergency preparedness product listings on Amazon and Walmart.
1,The $50 Walmart Survival Kit That Beats a $500 Bug Out Bag #new #breakingnews #fyp #foryoupage #walmart ,https://www.tiktok.com/@abfitnetfatloss/video/7613865820585872670,Cotton Balls with Petroleum Jelly (DIY fire starters),survival gear / fire starting,"Cotton balls coated in petroleum jelly that act as slow-burning fire starters, providing several minutes of flame to ignite kindling.","Difficulty starting fires reliably with traditional methods; need for a beginner-friendly, long-burning fire starter",educational,compare complex fire tools vs. simple DIY solution; step-by-step preparation described,"""far simpler and more reliable option""; ""burns for several minutes instead of disappearing quickly""; ""ready to use fire starter""",practical chemistry logic — petroleum jelly as slow-burning fuel,none,"preppers, campers, outdoor survivalists, beginners to fire-starting",budget — both items implied to be very inexpensive,"Pre-made petroleum jelly fire starter kits are a legitimate dropship product with active demand on Amazon; strong appeal in prepper, camping, and bushcraft communities."
1,The $50 Walmart Survival Kit That Beats a $500 Bug Out Bag #new #breakingnews #fyp #foryoupage #walmart ,https://www.tiktok.com/@abfitnetfatloss/video/7613865820585872670,Petroleum Jelly,survival gear / personal care,Petroleum-based jelly used as a slow-burning fuel component when combined with cotton balls to create DIY fire starters.,Reliable fire-starting fuel that extends burn time for igniting kindling,educational,component of a DIY survival hack; paired product presentation,"""acts as a slow burning fuel""; implied multi-use household item with survival crossover",none,none,"preppers, campers, budget survivalists",budget — implied inexpensive household staple,"Commodity product with limited standalone dropship appeal, but valuable as a kit component; petroleum jelly-based fire starter kits are a more dropship-viable bundled version."
1,The $50 Walmart Survival Kit That Beats a $500 Bug Out Bag #new #breakingnews #fyp #foryoupage #walmart ,https://www.tiktok.com/@abfitnetfatloss/video/7613865820585872670,Duct Tape,survival gear / hardware supplies,"Strong adhesive tape used for gear repair, patching holes, reinforcing straps, and securing loose equipment in emergency situations.","Broken or damaged gear during emergencies; need for versatile, fast repair without tools",authoritative,reputation appeal; versatility over single-use tools; compact carrying tip included,"""earned a reputation as one of the most useful repair materials""; ""instead of carrying multiple repair tools, one simple roll can solve many different problems""; tip on wrapping around a card for compactness",widely recognized reputation in DIY and survival communities,none,"preppers, hikers, campers, emergency kit builders","budget — part of $50 kit, implied low cost",Duct tape is a staple in survival kit bundles with consistent evergreen demand; compact mini-rolls or survival-branded duct tape are strong dropship SKUs in outdoor and prepper niches.
1,The $50 Walmart Survival Kit That Beats a $500 Bug Out Bag #new #breakingnews #fyp #foryoupage #walmart ,https://www.tiktok.com/@abfitnetfatloss/video/7613865820585872670,Bandana,survival gear / accessories,"Multi-purpose cloth used for water pre-filtration, sun protection, sweat management, dust filtering, and improvised first aid slings or bandage wraps.","Need for a lightweight, multi-function tool covering hygiene, first aid, and environmental protection",educational,multi-use case list; 'ordinary but secretly powerful' reframing,"""might look like an ordinary cloth but it can perform many tasks""; ""lightweight and adaptable""; ""quietly becomes one of the most useful items""",none,none,"preppers, hikers, campers, outdoor enthusiasts",budget — implied low cost,"Bandanas are popular in survival, military, and outdoor niches; tactical or survival-branded bandanas with printed use-case guides are a strong dropship product with broad market appeal."
1,The $50 Walmart Survival Kit That Beats a $500 Bug Out Bag #new #breakingnews #fyp #foryoupage #walmart ,https://www.tiktok.com/@abfitnetfatloss/video/7613865820585872670,Electrolyte Powder Packets,health supplement / survival gear,"Single-serve powder packets that replenish minerals lost through sweat, improving hydration efficiency when added to water.",Mineral depletion and poor hydration during prolonged physical activity or emergency situations,educational,science-based hydration argument; small size vs. big benefit contrast,"""dramatically improve hydration efficiency""; ""make stored water far more useful""; ""take up almost no space""; ""for only a few dollars""",basic physiology reasoning about sweat and mineral loss,none,"preppers, athletes, hikers, emergency kit builders",budget — explicitly noted as only a few dollars,"Electrolyte packets are a strong dropship product with crossover appeal in fitness, outdoor, and prepper markets; survival-branded or bulk packs perform well on Amazon and Shopify stores."
1,The $50 Walmart Survival Kit That Beats a $500 Bug Out Bag #new #breakingnews #fyp #foryoupage #walmart ,https://www.tiktok.com/@abfitnetfatloss/video/7613865820585872670,Disposable Lighter,survival gear / fire starting,"Basic single-use plastic lighter capable of producing thousands of ignitions, used as a primary fire-starting tool in emergency kits.","Need for instant, reliable fire-starting without skill or practice",authoritative,simplicity vs. complexity contrast; reliability framing; quantity recommendation,"""most reliable tools for producing a flame""; ""requires no practice to operate""; ""a single lighter can create thousands of ignitions""; recommends carrying one or two",implied universal recognition of lighter reliability,none,"preppers, campers, emergency kit builders, outdoor survivalists",budget — implied very low cost,Disposable lighters are extremely high volume but very low margin commodity items; better positioned as a bundle component; survival multi-packs or windproof lighter upgrades offer better dropship margins.
1,The $50 Walmart Survival Kit That Beats a $500 Bug Out Bag #new #breakingnews #fyp #foryoupage #walmart ,https://www.tiktok.com/@abfitnetfatloss/video/7613865820585872670,$500 Bug Out Bag (tactical gear bag),survival gear,"High-end pre-assembled tactical survival bag loaded with gear, positioned in the video as an overpriced and impractical alternative to a DIY budget kit.",Comprehensive emergency preparedness — but framed as solving a problem poorly relative to cost,fear-based / contrarian,negative comparison; used as a foil to make the $50 kit seem superior,"Deliberately framed negatively: ""most of that gear is useless""; ""impressive looking gear instead of practical versatility""; creates contrast to elevate the budget kit",none — authority is undermined for this product,none,preppers who may be considering premium survival products,premium — used as expensive cautionary example,"Despite negative framing, tactical bug out bags are a high-demand dropship product; the contrarian angle in the video actually signals strong consumer interest in this category, with budget and mid-range versions being viable dropship SKUs."
2,NEVER Buy These 8 Yogurts Again (Except These 2 Brands) #new #breakingnews #fyp #foryoupage #yogurts ,https://www.tiktok.com/@abfitnetfatloss/video/7613837652168674590,Yoplait Original Yogurt,food / dairy,"A widely recognized flavored yogurt brand marketed as a healthy snack associated with balanced diets, weight management, and digestive health. Contains added sugars, artificial flavors, stabilizers, and modified food starch.","Consumers seek a convenient, healthy snack that supports digestion, gut health, and weight management.",fear-based / educational,expose and contrast — reveals hidden unhealthy ingredients behind a trusted healthy label to steer audience away,"Framed negatively to build distrust: 'rivals the sugar content found in many desserts', 'transforms a traditionally nutritious food into something closer to a flavored dessert', 'defeats the purpose of choosing yogurt in the first place'","Nutritional science references — insulin resistance, metabolic dysfunction, protein satiety research cited",none,"Health-conscious consumers, dieters, gut health enthusiasts, everyday grocery shoppers",not mentioned,"High consumer awareness of Yoplait creates demand for healthier yogurt alternatives. Positioning a cleaner, high-protein yogurt alternative as a dropship or private-label product could capitalize on this distrust narrative."
2,NEVER Buy These 8 Yogurts Again (Except These 2 Brands) #new #breakingnews #fyp #foryoupage #yogurts ,https://www.tiktok.com/@abfitnetfatloss/video/7613837652168674590,Dannon Fruit on the Bottom Yogurt,food / dairy,"A layered yogurt product with fruit puree at the bottom, marketed as a wholesome snack but containing 16–22 grams of sugar per serving, largely from added sweeteners and fruit preparations with stabilizers.",Consumers want a tasty yet nutritious yogurt option that incorporates fruit without excessive sugar or processing.,fear-based / educational,expose and contrast — highlights deceptive healthy appearance vs. actual high sugar and additive content,"Framed negatively: 'appears healthy at first glance but presents several nutritional concerns', 'turning what seems like a wholesome snack into a sugar-heavy product', links consumption to type 2 diabetes, weight gain, and chronic inflammation","Health risk statistics cited — type 2 diabetes, chronic inflammation, metabolic health referenced",none,"Health-conscious consumers, individuals managing blood sugar or weight, gut health enthusiasts",not mentioned,"Dannon is a household name, so consumer skepticism generated by content like this drives search for cleaner alternatives. A low-sugar or whole-fruit yogurt alternative product could see strong demand in this gap."
2,NEVER Buy These 8 Yogurts Again (Except These 2 Brands) #new #breakingnews #fyp #foryoupage #yogurts ,https://www.tiktok.com/@abfitnetfatloss/video/7613837652168674590,Two Recommended Yogurt Brands (unnamed — teased as reveal),food / dairy,"Two unspecified yogurt brands presented as the healthy alternatives that 'actually live up to the health claims,' implied to be minimally processed, lower in added sugar, higher in protein, and made with real ingredients.","Consumers need a trustworthy yogurt that genuinely supports gut health, energy levels, and long-term wellness without hidden sugars or additives.",aspirational / authoritative,teaser / payoff structure — audience is motivated to watch the full video by promising the solution after exposing the problem with 8 bad brands,"'Two brands that actually live up to the health claims', 'if you care about your gut health, energy levels, and long-term wellness, this is something you need to know' — creates strong anticipation and desire for the revealed products",Implied independent product analysis and nutritional comparison used as credibility framework,"Soft urgency: 'make sure you like this video, subscribe and turn on notifications because the foods you trust most are often the ones hiding the biggest surprises'","Health-conscious consumers, gut health seekers, people frustrated by misleading food labels",not mentioned,"The teased 'good brands' create high purchase intent — any minimally processed, high-protein, low-sugar yogurt or probiotic product aligned with these criteria would have strong dropship or affiliate marketing potential in the health food niche."
2,NEVER Buy These 8 Yogurts Again (Except These 2 Brands) #new #breakingnews #fyp #foryoupage #yogurts ,https://www.tiktok.com/@abfitnetfatloss/video/7613837652168674590,Greek Yogurt (referenced as superior alternative category),food / dairy,"Greek yogurt is referenced as a higher-protein, less-processed yogurt format implicitly recommended over regular flavored yogurts like Yoplait Original due to its better protein-to-sugar ratio.","Consumers want a yogurt with higher protein content to promote satiety, muscle maintenance, and blood sugar stability.",educational / authoritative,comparative reference — used as a benchmark to highlight deficiencies in Yoplait Original's protein content,"'Compared to Greek yogurt varieties, Yoplait original contains relatively low protein per serving' — positions Greek yogurt as the smarter, more nutritious standard","Nutritional benefits cited: satiety, muscle maintenance, blood sugar stabilization",none,"Fitness-conscious consumers, weight managers, health-focused grocery shoppers",not mentioned,Greek yogurt as a category has sustained mainstream demand; private-label or affiliate-driven high-protein Greek yogurt products with clean labels remain highly competitive and searchable in health e-commerce.
3,5 Bottled Waters to Never Buy (And 5 That Are Actually Spring water) #new #breakingnews #fyp #foryoupage #bottledwater ,https://www.tiktok.com/@abfitnetfatloss/video/7613466522354208030,Dasani,bottled water,Coca-Cola's bottled water brand that starts as municipal tap water processed through reverse osmosis or vapor distillation with minerals added back in for taste.,"Perceived need for clean, pure drinking water on the go",aspirational,premium packaging and label language implying purity,"Clean blue label, the word 'pure' doing heavy lifting on the front; visual branding implying premium quality","Coca-Cola brand association, 'pure' label claim",none,"Everyday consumers seeking clean, pure drinking water",premium — approximately $2.50 per bottle vs pennies per gallon for filtered tap,"Not a viable dropship product as it is a mass-market commodity sold by a major corporation. However, competitor filtered water products or home filtration systems could capitalize on the distrust this brand generates."
3,5 Bottled Waters to Never Buy (And 5 That Are Actually Spring water) #new #breakingnews #fyp #foryoupage #bottledwater ,https://www.tiktok.com/@abfitnetfatloss/video/7613466522354208030,Aquafina,bottled water,"PepsiCo's bottled water brand sourced from municipal tap water processed through reverse osmosis, marketed with mountain imagery and crisp branding.","Perceived need for clean, refreshing drinking water",aspirational,premium packaging using mountain imagery and clean design to imply natural sourcing,"Mountain imagery on label, crisp white design implying freshness and natural origins",PepsiCo brand association,none,"Everyday consumers seeking refreshing, clean water",premium — approximately $2.50 per bottle vs pennies per gallon for filtered tap,Not a viable dropship product as a mass-market commodity. Negative exposure in content like this creates opportunity for dropshippers selling home water filtration alternatives.
3,5 Bottled Waters to Never Buy (And 5 That Are Actually Spring water) #new #breakingnews #fyp #foryoupage #bottledwater ,https://www.tiktok.com/@abfitnetfatloss/video/7613466522354208030,Smartwater,bottled water,"Coca-Cola's vapor-distilled municipal tap water with added electrolytes (calcium chloride, magnesium chloride, potassium bicarbonate), sold in a tall sleek bottle with celebrity endorsement.",Desire for hydration with perceived performance or health enhancement and lifestyle sophistication,aspirational,"celebrity endorsement, premium bottle design, pseudo-scientific electrolyte claims","'Tall, sleek bottle that implies sophistication'; Jennifer Aniston celebrity endorsement implying beauty and health benefits; electrolyte marketing implying performance enhancement","Celebrity endorsement (Jennifer Aniston), scientific-sounding electrolyte ingredient names",none,"Health-conscious and lifestyle-oriented consumers, fans of celebrity wellness culture",premium — priced at the higher end of the water aisle,"Not dropshippable as a major brand product, but the electrolyte marketing angle reveals strong consumer demand for electrolyte-enhanced hydration products — a viable niche for dropshipping electrolyte powders or packets."
3,5 Bottled Waters to Never Buy (And 5 That Are Actually Spring water) #new #breakingnews #fyp #foryoupage #bottledwater ,https://www.tiktok.com/@abfitnetfatloss/video/7613466522354208030,Poland Spring,bottled water,"Best-selling bottled water brand in the northeastern US, marketed as natural spring water from the forests of Maine, now owned by BlueTriton Brands, with sourcing authenticity disputed in multiple lawsuits.","Desire for natural, clean spring water from a trusted source",aspirational,"brand identity built around nature imagery and regional heritage, implied natural sourcing through name and label",Brand name evokes natural Maine forests; label imagery reinforces 'clean natural spring water' narrative; long-standing market presence builds consumer trust,"FDA spring water label designation (disputed), long market heritage, regional brand dominance",none,Northeastern US consumers seeking natural spring water,mid-range to premium for bottled water category,"Not dropshippable directly, but consumer distrust generated by high-profile lawsuits creates strong demand signal for genuinely certified spring or filtered water alternatives that could be dropshipped."
3,5 Bottled Waters to Never Buy (And 5 That Are Actually Spring water) #new #breakingnews #fyp #foryoupage #bottledwater ,https://www.tiktok.com/@abfitnetfatloss/video/7613466522354208030,Arrowhead Mountain Spring Water,bottled water,"West Coast bottled water brand owned by BlueTriton Brands, marketed as mountain spring water sourced from the San Bernardino National Forest in California, with sourcing authorization disputed for over 30 years.",Desire for natural mountain spring water,aspirational,"nature and mountain branding implying pure, natural sourcing",'Mountain spring water' label language; mountain imagery evoking purity and natural origins; decades of brand familiarity with California households,"Spring water label claim (disputed), long market presence, BlueTriton Brands ownership",none,California and West Coast consumers seeking natural spring water,mid-range for bottled water category,"Not directly dropshippable, but the pattern of consumer deception revealed here supports strong market demand for transparent, certified water alternatives. Dropshippers could target West Coast consumers with certified clean water products."
3,5 Bottled Waters to Never Buy (And 5 That Are Actually Spring water) #new #breakingnews #fyp #foryoupage #bottledwater ,https://www.tiktok.com/@abfitnetfatloss/video/7613466522354208030,"Alkaline Water (Essentia, Core, Kangen)",bottled water / functional beverage,"pH-adjusted water products marketed under brands like Essentia, Core, and Kangen, positioned as health-enhancing due to higher alkalinity, described in the transcript as 'the biggest marketing invention the water industry has produced in 30 years.'","Consumer desire for health optimization, better hydration, and body pH balance",aspirational,"pseudo-scientific health claims, premium pricing, wellness trend alignment",Framed as a 'chemistry adjustment' with health implications; billion-dollar industry built on wellness positioning; brands leverage health-conscious consumer trends,"Scientific framing of pH chemistry, wellness influencer culture",none,"Health-conscious consumers, wellness enthusiasts, fitness community",premium — positioned significantly above regular bottled water,"Alkaline water and related products (alkaline water ionizers, pH drops, alkaline pitchers) represent a high-demand wellness niche with strong dropship potential, though market is becoming competitive; pH enhancement accessories may offer better margins."
3,5 Bottled Waters to Never Buy (And 5 That Are Actually Spring water) #new #breakingnews #fyp #foryoupage #bottledwater ,https://www.tiktok.com/@abfitnetfatloss/video/7613466522354208030,Brita Water Filter / Filtered Tap Water,home water filtration,"Standard home water filtration system (Brita specifically named) that filters municipal tap water, presented as a cost-effective and quality-comparable alternative to premium bottled water brands.","Need for clean, good-tasting drinking water at home without the cost of bottled water",educational,compare good vs bad brands; value vs expensive alternative; blind taste test results,"'In blind taste tests, a standard Brita filter regularly performs as well as Dasani and Aquafina'; 'you can access it at home for pennies per gallon'; positioned as the smart, honest alternative to overpriced bottled water",Blind taste test results cited as objective comparison,none,"Budget-conscious consumers, environmentally aware shoppers, people questioning bottled water value",budget/value — 'pennies per gallon' vs $2.50+ per bottle,"Home water filtration products including Brita-style pitchers, replacement filters, and under-sink filtration systems have strong and consistent dropship demand, driven by growing consumer distrust of bottled water brands and cost-saving motivations."
4,12 ITEMS COSTCO EMPLOYEES BEG You Not To Buy #new #breakingnews #fyp #foryoupage #costco ,https://www.tiktok.com/@abfitnetfatloss/video/7613419451798555934,Costco Fresh Milk Two-Pack (Kirkland),dairy / grocery,Oversized fresh milk sold in pairs of square-designed jugs optimized for pallet stacking and truck space efficiency.,Bulk grocery shopping to save money on a household staple,fear-based,"compare bulk vs single-unit purchase, expose hidden costs","Framed as a 'losing investment'; highlights waste, spoilage, and digestive stress to discourage purchase and build trust with viewer",Costco employees as insider whistleblowers,none,"Budget-conscious Costco shoppers, families",Value vs expensive alternative — bulk appears cheaper but local/Aldi single jugs framed as better value,"Not a dropshippable product (perishable dairy), but highlights consumer demand for freshness-focused dairy delivery services or single-serve alternatives."
4,12 ITEMS COSTCO EMPLOYEES BEG You Not To Buy #new #breakingnews #fyp #foryoupage #costco ,https://www.tiktok.com/@abfitnetfatloss/video/7613419451798555934,Kirkland Signature Whole Bean Coffee,food & beverage / coffee,"Large-bag whole bean coffee sold under Costco's Kirkland Signature brand, typically dark roasted for mass-market consistency.",Affordable bulk coffee for daily caffeine needs,educational / authoritative,"Expert critique format, exposing quality degradation over time",Reframes 'bold' as 'bitter'; suggests consumers are settling for inferior taste; implies buyers waste money on a product they eventually mask with sugar and syrups,Costco employees admitting product flaws; implied coffee expertise,none,"Coffee drinkers, Costco members seeking bulk savings",Budget — positioned as falsely economical due to staleness over time,Strong dropship signal for specialty or freshly roasted small-batch coffee subscriptions; consumers shown to have latent demand for quality over quantity in coffee.
4,12 ITEMS COSTCO EMPLOYEES BEG You Not To Buy #new #breakingnews #fyp #foryoupage #costco ,https://www.tiktok.com/@abfitnetfatloss/video/7613419451798555934,Pre-Packaged Salad Kits,food / fresh produce,"Pre-cut, pre-washed bagged salad greens sold in large quantities at Costco, marketed for convenience.","Quick, healthy meal preparation without the need to wash or chop vegetables",fear-based,"Day-by-day deterioration narrative, revealing hidden spoilage timeline","Uses visceral language — 'sliminess,' 'soggyness,' 'off smell' — to trigger disgust and distrust of the product; frames convenience as a false promise",Costco employees cited as insiders confirming the issue,none,"Health-conscious shoppers, busy families, meal preppers",Not explicitly mentioned — implied waste negates bulk savings,"Not directly dropshippable as perishable, but signals strong demand for salad spinners, produce-preserving containers, or reusable produce bags that extend freshness — all viable dropship products."
5,The Bug Out Bag Most Preppers Get Completely Wrong — What Veterans Build Instead#new #breakingnews #fyp #foryoupage ,https://www.tiktok.com/@abfitnetfatloss/video/7618677074017996045,Civilian Hiking Pack (Neutral Color),survival gear,"A plain, non-tactical hiking backpack in neutral colors such as gray, navy, or black used as a bug out bag to avoid drawing attention.",Eliminates the 'target' profile created by tactical-looking bags in civil breakdown scenarios where visible preparedness invites theft or confrontation.,authoritative,"compare good vs bad — civilian pack vs tactical bag, identical contents but different risk profile","Contrast framing: 'The same load in a plain civilian day pack draws no attention. In a tactical bag, it draws every eye, contents identical. Risk profile is completely different.'",Veterans who plan for civilian evacuation scenarios endorse this approach,none,Preppers and civilians planning emergency evacuations,not mentioned,High demand in the prepper/survival niche. Neutral-color hiking packs are a differentiator from tactical gear — good angle for dropshipping with low competition framing around 'gray man' strategy.
5,The Bug Out Bag Most Preppers Get Completely Wrong — What Veterans Build Instead#new #breakingnews #fyp #foryoupage ,https://www.tiktok.com/@abfitnetfatloss/video/7618677074017996045,Tourniquet,survival gear / medical,A medical device used to stop uncontrolled hemorrhage in limbs by applying pressure above a wound to restrict blood flow.,"Addresses uncontrolled hemorrhage, identified as the leading cause of preventable death in field scenarios — over 90% of potentially survivable fatalities.",fear-based,"expert endorsement, life-or-death urgency framing, contrast with ineffective standard first aid kits",'This is the mistake that gets people killed before they leave their neighborhood.' Positioned as the absolute minimum medical loadout before any other consideration.,"Tactical Combat Casualty Care (TCCC) Program, US military branches, documented combat casualty data",Framed as immediately life-critical — 'injuries that kill within minutes',"Preppers, survivalists, civilians building emergency kits",not mentioned,CAT and SOFTT-W tourniquets are consistently bestsellers on Amazon and survival gear stores. Strong fear-based demand signal here; high search volume and repeat purchase potential in medical preparedness niche.
5,The Bug Out Bag Most Preppers Get Completely Wrong — What Veterans Build Instead#new #breakingnews #fyp #foryoupage ,https://www.tiktok.com/@abfitnetfatloss/video/7618677074017996045,Hemostatic Gauze,survival gear / medical,Specialized wound-packing gauze treated with clotting agents to rapidly control severe bleeding from deep lacerations or penetrating wounds.,"Controls life-threatening bleeding from wounds that standard bandages cannot address, such as deep lacerations or penetrating injuries during evacuation.",fear-based,"expert endorsement, contrast with inadequate standard first aid supplies, list format as part of minimum medical loadout",Listed as part of the 'absolute minimum medical loadout' endorsed by TCCC framework; framed against injuries 'that kill within minutes.',"Tactical Combat Casualty Care Program, US military branches",Framed as immediately life-saving with no substitute,"Preppers, survivalists, emergency preparedness community",not mentioned,Products like QuikClot and Celox gauze have strong brand recognition and demand. Excellent dropship product with high perceived value and recurring need; fits well in survival/medical bundles.
5,The Bug Out Bag Most Preppers Get Completely Wrong — What Veterans Build Instead#new #breakingnews #fyp #foryoupage ,https://www.tiktok.com/@abfitnetfatloss/video/7618677074017996045,Chest Seal,survival gear / medical,"A medical device used to seal penetrating chest wounds, preventing air from entering the chest cavity and causing a tension pneumothorax.",Addresses penetrating chest wounds that can cause rapid death if untreated — not covered by any standard prepper first aid kit.,fear-based,"expert endorsement, list format as part of minimum military-standard medical loadout",Included in the 'absolute minimum medical loadout' per TCCC standards; contrast with standard kits that only address 'injuries that are uncomfortable.',"Tactical Combat Casualty Care Program, US military",Life-critical framing — implied immediate need in penetrating wound scenarios,"Preppers, survivalists, tactical medical preparedness community",not mentioned,"Vented chest seals (e.g., HyFin, HALO) are niche but growing products in the civilian tactical medical market. Lower competition than tourniquets; pairs well with hemostatic gauze in bundle offers."
5,The Bug Out Bag Most Preppers Get Completely Wrong — What Veterans Build Instead#new #breakingnews #fyp #foryoupage ,https://www.tiktok.com/@abfitnetfatloss/video/7618677074017996045,Compression Bandage,survival gear / medical,An Israeli-style pressure bandage designed to apply sustained compression to serious wounds to control bleeding without tourniquet application.,"Controls severe bleeding from wounds where a tourniquet cannot be applied, such as torso or head injuries.",authoritative,"list format, expert endorsement, minimum military-standard medical loadout framework",Framed as part of the non-negotiable four-item medical kit; positioned against the inadequacy of adhesive bandages and antiseptic wipes.,"Tactical Combat Casualty Care Program, US military branches","none explicitly, but life-critical context implied","Preppers, survivalists, emergency medical preparedness community",not mentioned,Israeli bandages and similar compression dressings are steady sellers in survival and tactical medical niches. Affordable unit cost with strong perceived value; easy to bundle with tourniquet and hemostatic gauze.
5,The Bug Out Bag Most Preppers Get Completely Wrong — What Veterans Build Instead#new #breakingnews #fyp #foryoupage ,https://www.tiktok.com/@abfitnetfatloss/video/7618677074017996045,Ferro Rod,survival gear,"A ferrocerium rod used to produce sparks to start fires in emergency situations, functioning in wet or windy conditions where matches and lighters may fail.",Provides reliable fire-starting capability in harsh field conditions as part of a redundant fire system.,educational,"rule of redundancy framework — 'one is none, two is one, three is operational minimum'","'A ferro rod, waterproof matches, and a sealed butane lighter is a fire capability. One ferro rod is a fire starting system that fails once and leaves the carrier without fire.'",Military rule of 3 redundancy standard,none,Preppers and survivalists building emergency kits,budget,Ferro rods are a staple low-cost survival item with massive demand and high competition. Best positioned as part of a fire-starting bundle (ferro rod + waterproof matches + lighter) to increase average order value.
5,The Bug Out Bag Most Preppers Get Completely Wrong — What Veterans Build Instead#new #breakingnews #fyp #foryoupage ,https://www.tiktok.com/@abfitnetfatloss/video/7618677074017996045,Waterproof Matches,survival gear,"Strike-anywhere matches sealed or coated for water resistance, providing a reliable backup fire-starting method in wet conditions.",Serves as a redundant fire-starting method when primary tools like a ferro rod or lighter fail in field conditions.,educational,rule of redundancy — presented as one of three required fire-starting methods,Framed within the military 'rule of 3': any critical system needs three independent backups. Fire is never a single method.,Military redundancy doctrine,none,"Preppers, survivalists, emergency preparedness community",budget,"Low-cost, lightweight product that bundles well with ferro rods and lighters. Low margin individually but effective as part of a fire-starting kit bundle; consistent search demand in survival niche."
5,The Bug Out Bag Most Preppers Get Completely Wrong — What Veterans Build Instead#new #breakingnews #fyp #foryoupage ,https://www.tiktok.com/@abfitnetfatloss/video/7618677074017996045,Sealed Butane Lighter,survival gear,"A windproof or standard butane lighter stored in a sealed container to prevent fuel evaporation, used as one of three redundant fire-starting methods.","Provides a fast, reliable fire-starting option as part of a redundant system ensuring fire capability does not fail at a critical moment.",educational,rule of redundancy framework — three-method fire system,"'A ferro rod, waterproof matches, and a sealed butane lighter is a fire capability' — complete system framing vs. single-item failure risk.",Military redundancy standard,none,Preppers and survivalists,budget,"Windproof and survival lighters (e.g., Tesla arc lighters) are popular in the survival niche. Good upsell alongside ferro rods; plasma/arc lighter variants command premium pricing with strong perceived value."
5,The Bug Out Bag Most Preppers Get Completely Wrong — What Veterans Build Instead#new #breakingnews #fyp #foryoupage ,https://www.tiktok.com/@abfitnetfatloss/video/7618677074017996045,Water Filtration System (redundant),survival gear,A portable water filtration device (implied to require multiple redundant units) allowing the user to safely drink from field water sources during evacuation.,Ensures access to safe drinking water in the field where clean water is unavailable — critical survival need with no single-point-of-failure acceptable.,authoritative,rule of redundancy — listed as one of the four systems that must never be a single item,"'Apply the rule of 3 to fire, water filtration, navigation, and light. These four are never singles.' Creates urgency to own multiple units.",Military redundancy doctrine,none,"Preppers, survivalists, emergency preparedness planners",not mentioned,"LifeStraw, Sawyer Squeeze, and similar products are high-demand survival items. Recommending redundant units (3x) is a powerful tactic to multiply units per order; strong evergreen dropship category."
5,The Bug Out Bag Most Preppers Get Completely Wrong — What Veterans Build Instead#new #breakingnews #fyp #foryoupage ,https://www.tiktok.com/@abfitnetfatloss/video/7618677074017996045,Navigation Tools (redundant),survival gear,Navigation equipment such as compasses or maps required in triplicate to ensure the ability to navigate without GPS or digital devices in the field.,"Prevents complete navigation failure if a single tool is lost, broken, or runs out of power during an emergency evacuation.",authoritative,rule of redundancy — one of four mission-critical systems requiring three backups,'These four are never singles' — absolute rule framing that compels multiple purchases.,Military redundancy doctrine,none,"Preppers, survivalists, emergency planners",not mentioned,Baseplate compasses and waterproof maps are steady sellers in the survival niche. Positioning redundancy as a military standard is an effective upsell angle — customers are compelled to buy 2-3 units.
5,The Bug Out Bag Most Preppers Get Completely Wrong — What Veterans Build Instead#new #breakingnews #fyp #foryoupage ,https://www.tiktok.com/@abfitnetfatloss/video/7618677074017996045,Lighting Device / Flashlight (redundant),survival gear,"Portable lighting tools such as headlamps or flashlights, required in multiples per military redundancy standards for reliable illumination in field conditions.",Ensures reliable light source during nighttime evacuation or emergency operations when a single light fails due to battery death or damage.,authoritative,rule of redundancy — one of four never-single critical systems,Framed as mission-critical under military doctrine: 'These four are never singles.' Implies owning one flashlight is an amateur mistake.,Military redundancy doctrine,none,"Preppers, survivalists, emergency preparedness community",not mentioned,"Tactical headlamps and compact flashlights are popular, competitive survival products. Redundancy framing can drive multi-unit sales; headlamps with long battery life or solar charging are strong differentiators."
5,The Bug Out Bag Most Preppers Get Completely Wrong — What Veterans Build Instead#new #breakingnews #fyp #foryoupage ,https://www.tiktok.com/@abfitnetfatloss/video/7618677074017996045,Laminated Communication Card,survival gear / preparedness documentation,"A laminated card stored in the top lid of the bug out bag containing rally points, contact hierarchy, go signals, and time limits for household evacuation coordination.",Prevents family separation during crisis evacuations that begin from separated positions by providing a pre-agreed written coordination plan.,authoritative,high-stakes outcome framing — single item determines family evacuation success or permanent separation,'That card is the single item that determines whether a family evacuates together or separates permanently in the first hour.' Extreme outcome contrast creates urgency.,Veterans' operational planning practices,"none explicitly, but permanent family separation framing creates strong emotional urgency","Families with bug out bags, preppers with dependents",budget / DIY,"Laminated card holders and waterproof document pouches are low-cost, high-value survival accessories. Could be sold as a kit with a fillable template; low competition and high perceived value in family preparedness niche."
5,The Bug Out Bag Most Preppers Get Completely Wrong — What Veterans Build Instead#new #breakingnews #fyp #foryoupage ,https://www.tiktok.com/@abfitnetfatloss/video/7618677074017996045,Familiar Calorie-Dense Ready-to-Eat Food,food / survival rations,"Everyday calorie-dense foods the user already eats regularly, requiring no preparation, as opposed to MREs or unfamiliar energy bars — providing a minimum of 2,000 calories per person per day.","Ensures food can actually be consumed under acute stress, when cortisol suppresses appetite and digestive tolerance for unfamiliar or heavily processed foods.",educational,"stress physiology explanation, contrast with standard prepper food choices (MREs, energy bars, trail mix)",'A familiar food that gets eaten provides calories and energy; an optimized food that cannot be tolerated under stress provides neither.' Frames familiarity as a tactical advantage.,"Stress physiology / cortisol science, veterans' field experience",none,Preppers building emergency food supplies,value — everyday food beats expensive specialized rations,"This angle implicitly discredits MREs and survival bars, but creates demand for calorie-dense everyday snack foods in bulk formats. Opportunity in the 'real food emergency supply' niche, which is less saturated than freeze-dried survival meals."
5,The Bug Out Bag Most Preppers Get Completely Wrong — What Veterans Build Instead#new #breakingnews #fyp #foryoupage ,https://www.tiktok.com/@abfitnetfatloss/video/7618677074017996045,MREs (Meals Ready to Eat),food / survival rations,"Military-style pre-packaged meals designed for field use, commonly included in prepper bags but criticized here for being difficult to tolerate under stress physiology.","Intended to provide emergency calories in the field, but presented as a flawed solution due to heavy processing and unfamiliarity causing GI intolerance under stress.",authoritative,compare good vs bad — actively discouraged in favor of familiar everyday food,"Used as a negative example: 'Not MREs, not energy bars they have never opened' — creates doubt about a popular product category.","Veterans' field experience, stress physiology / cortisol suppression of digestion",none,Preppers currently using MREs in their bags,premium (implied — expensive but ineffective under stress),"Mentioned as a product to avoid, but this still confirms strong market demand. Dropshippers could pivot to positioning familiar calorie-dense alternatives against MREs as a differentiation strategy."
5,The Bug Out Bag Most Preppers Get Completely Wrong — What Veterans Build Instead#new #breakingnews #fyp #foryoupage ,https://www.tiktok.com/@abfitnetfatloss/video/7618677074017996045,Energy Bars,food / survival rations,"Packaged high-calorie bars commonly included in prepper bags, criticized here as unfamiliar processed foods that may not be tolerated under acute stress conditions.","Intended to provide quick caloric energy in emergencies, but discouraged due to potential GI intolerance when the user has never consumed them regularly.",educational,compare good vs bad — negative example contrasted with familiar everyday food,Negative framing: 'not energy bars they have never opened' — undermines trust in a common survival product category.,"Stress physiology science, veterans' experience",none,Preppers evaluating food options for emergency kits,not mentioned,"Discouraged in this context, but demand remains high. The criticism creates an opportunity for dropshippers to market familiar, everyday high-calorie snacks as superior alternatives in the survival food category."
5,The Bug Out Bag Most Preppers Get Completely Wrong — What Veterans Build Instead#new #breakingnews #fyp #foryoupage ,https://www.tiktok.com/@abfitnetfatloss/video/7618677074017996045,Trail Mix,food / survival rations,"A dry snack mix of nuts, seeds, and dried fruits commonly included in prepper bags as a lightweight calorie source.","Provides lightweight portable calories for emergency situations, but lumped in with MREs and energy bars as part of the standard prepper food approach that veterans reject.",educational,lumped into discouraged category — contrast with familiar everyday food recommendation,Mentioned as part of the 'standard prepper bag food loadout' that veterans reject — mild negative framing.,Veterans' field experience,none,Preppers building emergency food supplies,budget,Mild negative mention but still a high-demand survival food item. Bulk trail mix or custom prepper snack blends remain viable dropship products; the criticism here is mild and unlikely to suppress demand significantly.
5,The Bug Out Bag Most Preppers Get Completely Wrong — What Veterans Build Instead#new #breakingnews #fyp #foryoupage ,https://www.tiktok.com/@abfitnetfatloss/video/7618677074017996045,Basic First Aid Kit (standard prepper version),survival gear / medical,"A standard consumer first aid kit containing adhesive bandages, antiseptic wipes, and pain relief tablets — the typical medical loadout in most prepper bags.","Intended to address minor injuries, but explicitly criticized as inadequate for life-threatening emergencies like uncontrolled hemorrhage during a bug out scenario.",fear-based,contrast/compare — positioned as dangerously inadequate vs. military-grade medical loadout,Negative framing: 'not one of those items addresses uncontrolled hemorrhage' and 'addresses injuries that are uncomfortable — those are not the same kit.' Fear of false security.,"TCCC program, combat casualty data showing 90%+ preventable deaths from hemorrhage",none,Preppers who currently rely on standard first aid kits,budget (implied — cheap but fatally inadequate),Used as a foil to sell premium tactical medical kits. Dropshippers can exploit this gap by marketing hemorrhage-control kits as upgrades to standard first aid kits — a clear and compelling value proposition.
5,The Bug Out Bag Most Preppers Get Completely Wrong — What Veterans Build Instead#new #breakingnews #fyp #foryoupage ,https://www.tiktok.com/@abfitnetfatloss/video/7618677074017996045,Tactical / MOLLE Bag (Military Colorway),survival gear,"A military-style backpack with MOLLE webbing and camouflage or multicam patterns, commonly used by preppers but discouraged here as a 'target' in civilian evacuation scenarios.","Intended for gear organization and durability, but criticized for advertising the carrier's resources and preparedness level in civil breakdown scenarios.",authoritative,compare good vs bad — contrasted with plain civilian hiking packs as the superior choice,Negative framing: 'a tactical bag advertises that the carrier has things worth taking' and 'draws every eye' — fear of becoming a target undermines the product's appeal.,Veterans who plan for civilian evacuation scenarios,none,Preppers currently using tactical bags,premium (implied — expensive but counterproductive in civilian scenarios),"Discouraged here, but tactical bags remain extremely popular. The 'gray man' counter-argument creates a niche opportunity for plain high-capacity hiking packs marketed specifically to preppers wanting to avoid tactical appearance."
